tf,fam,exit,filter,n_train,n_valid,pa_train_cal,pa_train_cagr,pa_train_dd,pa_valid_cal,pa_valid_cagr,pa_full_cal,pa_full_cagr,pa_full_dd,pa_train_net,pa_valid_net,three_train_cal,three_valid_cal,three_full_cal,three_full_cagr,three_full_dd,corr_bot,corr_c3
1h,H2,TP1,none,8023,4301,-0.7366195752155363,-72.57207247081764,98.52042344867486,-0.7824658764828779,-69.77876679498584,-0.7174282350285874,-71.62070504112567,99.82978302808475,-3.9586684716407303,-1.9673603609930308,0.07025705758938798,0.44785952572243404,0.13614032542018,9.698591447823413,71.2396669971952,0.266827214133509,0.151764186358281
1h,H2,TP1,HTF,6612,3586,-0.6973442061528364,-68.00874073627968,97.52535424575427,-0.7191018644173618,-57.784466954126636,-0.6506547374828446,-64.73231558779197,99.48796475104237,-3.4994544963764875,-1.4014154247396409,0.19980161868839114,0.94024678808046,0.3375901083142998,21.792745032678763,64.55386131275355,0.28879995238247164,0.18589866241853584
1h,H2,TP2,none,7636,4056,-0.73641478586059,-72.65813392077816,98.66468641835908,-0.7581690125006059,-67.60621573022571,-0.7109869966228377,-70.97870209519972,99.83122396379393,-3.693959506281785,-1.706628608418432,0.07829156678445302,0.5490002471325645,0.16015284411013997,11.400858635133915,71.18736291247716,0.3037484977396628,0.17737078824499067
1h,H2,TP2,HTF,6309,3379,-0.6806859401716058,-66.34211576960563,97.46361993738302,-0.7123006023301687,-60.316313740576646,-0.6463840606522909,-64.33565725774932,99.53162705284801,-3.1007624929878803,-1.3960087912359154,0.26296475426564364,0.7754939318761147,0.3664817297083055,22.443224093225922,61.23968065499255,0.33640475421104815,0.2161298521841751
1h,H2,TRAIL,none,6940,3742,-0.835289893859152,-83.39102749262746,99.83483351791756,-0.8523014589400433,-83.08236786426289,-0.8328986098319467,-83.28315366384564,99.99194701579538,-4.351955725386537,-2.31507620839513,-0.1781459211985504,-0.15134003361389534,-0.15461498861872505,-13.968737899017981,90.3453023785707,0.4086472273477252,0.2689792234476793
1h,H2,TRAIL,HTF,5736,3108,-0.7801493742242136,-77.69539897750185,99.59041376500846,-0.7754044039091154,-72.97721776318096,-0.7617594837327786,-76.13869065293771,99.95108991599609,-3.6275868859197447,-1.5635009823099437,-0.05322810607884571,0.2424304797873696,0.014872411797896133,1.250110890582179,84.05569369448342,0.42780522346522976,0.2972995407595278
1h,EMAREJ,TP1,none,25225,13922,-0.990839685747411,-99.08394427820419,99.99997547884156,-0.9964780020388323,-99.64291721183127,-0.9934223835587864,-99.34223835466197,99.99999999877527,-14.159131375782334,-9.226250260617912,-0.8024641733843572,-0.8877741395476838,-0.8262210282377002,-82.61012979510862,99.98550868562747,0.28379663407012123,0.17929914388202028
1h,EMAREJ,TP1,HTF,20616,11287,-0.98151621209981,-98.1513883484324,99.99976275323247,-0.9874745723799518,-98.70084913048626,-0.9836699604667282,-98.36699593384172,99.9999998852958,-12.075340939201812,-7.111248329197509,-0.7278103197101229,-0.806332106228095,-0.7328197697008554,-73.19467605474507,99.88086986875899,0.31442993872957065,0.23512441540575488
1h,EMAREJ,TP2,none,21409,11758,-0.9814813325324326,-98.14790157518375,99.99976395062052,-0.9955268133576419,-99.54522807501206,-0.9886957740100824,-98.86957738270198,99.99999998148445,-11.007713061730355,-8.344171674732069,-0.7122469037036783,-0.8705400286488683,-0.7644803264087731,-76.39839908192589,99.93507542674827,0.32600278986661746,0.20196990926073488
1h,EMAREJ,TP2,HTF,17515,9537,-0.9685780658116546,-96.85668194873817,99.99883888303174,-0.9827689692036919,-98.19553576812771,-0.9741392386174995,-97.41392273217512,99.99999884043801,-9.597279471827537,-6.183812783117568,-0.640664720859991,-0.7780933787628213,-0.6583015542477573,-65.54285600013372,99.56357474353786,0.36011455125795155,0.26589198530507036
1h,EMAREJ,TRAIL,none,17970,9979,-0.9932127981752406,-99.32127361346886,99.99999375354889,-0.9981810339571904,-99.81680908584548,-0.9957173299625347,-99.57173299612411,99.9999999998701,-10.932540823175358,-8.078907806648576,-0.7959998265893312,-0.8983174455312377,-0.8325879979140852,-83.25102199967142,99.99065829467085,0.4265141752637544,0.31485594261656613
1h,EMAREJ,TRAIL,HTF,14850,8160,-0.9871823420438535,-98.71817877707534,99.99994385301717,-0.9935849163921352,-99.34509975664548,-0.9898775427215346,-98.98775426160044,99.99999998933907,-9.766838515269065,-6.387861879604332,-0.7409628104999841,-0.8332428062135641,-0.7603308455609148,-75.98605841620538,99.93815042469912,0.4419634073297292,0.3636597880906899
1h,RETEST,TP1,none,14538,8839,-0.9527385797675092,-95.26978834865731,99.99572849448943,-0.9825874315647358,-98.17502217412316,-0.9661580734700863,-96.61580307899975,99.99999558249421,-9.435586230801096,-6.717335992696908,-0.572180821546791,-0.7608204836468092,-0.6137178444626837,-60.96157750130795,99.33160336030384,0.1363433895861269,0.08537966256809006
1h,RETEST,TP1,HTF,9022,5606,-0.8144576442337228,-81.15494949979957,99.64293425737772,-0.9324985727527341,-92.16465522070203,-0.8616256159537582,-86.15817757271176,99.99491191698242,-5.160745672029023,-4.299009358502735,-0.15841671212454336,-0.5273787368184797,-0.2652434205305882,-23.09523074994704,87.07183274800087,0.22923935698798517,0.18048791930510544
1h,RETEST,TP2,none,13262,8083,-0.9522987230976363,-95.22583988744091,99.99576559095911,-0.9800041813462632,-97.90667786016087,-0.9642721926473266,-96.42721404523348,99.99999458711015,-9.037664917582083,-6.154263739438413,-0.5614898819050134,-0.7321338617982288,-0.5962390112621829,-59.170934286044655,99.2402931850857,0.19381238832928313,0.1171713280374612
1h,RETEST,TP2,HTF,8335,5200,-0.8307798022155023,-82.87545416298903,99.75622173526473,-0.9399192507303461,-93.144499602052,-0.8759070188225533,-87.58820277368842,99.99714683349579,-5.251262428983105,-4.339903159999922,-0.19643362038565174,-0.5523615775934709,-0.296370726515476,-27.195923831001213,91.76319183325646,0.3031905773220505,0.2327036075053943
1h,RETEST,TRAIL,none,11839,7085,-0.980781302102819,-98.07794496876652,99.99981112862267,-0.9685030647494213,-96.80255998643749,-0.9770131420995638,-97.70131391156151,99.9999996945846,-10.66632589814036,-4.10728108964899,-0.7029645321588153,-0.59899384856523,-0.6557899040651213,-65.43053707347364,99.77362668726943,0.35808211616649166,0.21456187417973877
1h,RETEST,TRAIL,HTF,7625,4678,-0.9074949028869856,-90.72314013632861,99.97096385634109,-0.9336121583069513,-92.93754833269864,-0.9157164937093479,-91.57137063527918,99.99969560922236,-6.380830951597735,-3.5216754586162127,-0.40777789258620556,-0.47886527062398915,-0.4040970058882836,-38.80961486519393,96.04034254072945,0.4035979508206013,0.30741549627500153
1h,INSIDE,TP1,none,22057,11414,-0.9639429441884027,-96.3922692825613,99.99789911188087,-0.9887476576707132,-98.83819064484776,-0.9757775708256897,-97.57775626816306,99.9999991653775,-9.8747962132975,-7.315529125387112,-0.6242882527018165,-0.8160212111548895,-0.6747125911722728,-67.25634950263037,99.68147976277794,0.3286462273210351,0.1918173956303554
1h,INSIDE,TP1,HTF,18862,9766,-0.9463402058121652,-94.62677693586438,99.99234562231675,-0.9799111619547347,-97.88583769131859,-0.9612914611727225,-96.12913774467378,99.99999129026024,-8.705640418210741,-6.346573730302611,-0.5533589708750327,-0.7663391557948065,-0.5977523722803764,-59.18047125200372,99.0049960424834,0.3581269547097064,0.2345548779859854
1h,INSIDE,TP2,none,19048,9917,-0.9489071830230901,-94.88454722338588,99.99349664642281,-0.9848046432284473,-98.41800430555868,-0.9661400355285018,-96.61399925827483,99.99999555491421,-7.8669923985683265,-6.285256071565142,-0.5408275979199071,-0.7784251117112835,-0.6056709348624232,-60.16251169217559,99.3320105509791,0.38940553750885515,0.2188030076285138
1h,INSIDE,TP2,HTF,16335,8495,-0.92252514705462,-92.2297575742997,99.97533169558038,-0.9762593539156498,-97.48115604407911,-0.9477094849035328,-94.77091229893033,99.99996181169067,-6.770461036773801,-5.633815973425193,-0.4558917830582312,-0.7371808892859483,-0.5274814303624992,-51.78266970438903,98.16965436831133,0.4246339913461342,0.26783323253797825
1h,INSIDE,TRAIL,none,15115,8067,-0.9796511268646055,-97.9648036273363,99.99968452123844,-0.9887141809664337,-98.8476223956046,-0.9833367400567417,-98.33367390775913,99.99999990042573,-8.477221085451262,-5.486164398077137,-0.6728177736348724,-0.7749186551235824,-0.6948811570633654,-69.4015547868431,99.87543061340266,0.47605946688693906,0.2978517489691662
1h,INSIDE,TRAIL,HTF,13053,6974,-0.9714508088992174,-97.14417711022948,99.99906965984897,-0.9798732500067533,-97.92574270291912,-0.9744784781327279,-97.44784705123197,99.99999921800139,-8.020710418595959,-4.754822317509172,-0.6361276157770778,-0.713961410633895,-0.6411871176630072,-63.89684513192968,99.65397521525433,0.4968509964680473,0.34533331626392544
1h,FLAG,TP1,none,2356,1346,-0.36327187033509983,-27.494875326310396,75.68677228145349,-0.3399342614749899,-15.975658934778048,-0.3100755287642157,-23.6369706815565,76.22971982265094,-0.9442272302650911,-0.25033209332891165,1.6883844855250743,2.7240832467850176,1.9070478715025807,79.93057802486146,41.913252005511225,0.2118281849639658,0.12171088950835982
1h,FLAG,TP1,HTF,2039,1128,-0.35465144381654634,-23.762465190895853,67.0023077734534,-0.1771621755179688,-7.493343878233816,-0.27122179494910587,-18.397454580611228,67.83177061439132,-0.7939817228237415,-0.08688162396235424,1.8934074906843985,3.1499148581804532,2.1694844476046984,85.8322621255428,39.56343739652486,0.22780262269417811,0.12342612508134505
1h,FLAG,TP2,none,2330,1329,-0.3917073162731055,-30.92899959752813,78.95946364188885,-0.21197673776188267,-12.792951358503856,-0.3147407135726798,-25.02851681256861,79.52106522370528,-0.9977627829892003,-0.10712039681250651,1.623387350266707,2.594018902430767,1.8968022591704337,78.04466645197196,41.14538881143298,0.25619668876361074,0.1574190727672383
1h,FLAG,TP2,HTF,2015,1114,-0.3524896653251464,-24.53434324440712,69.60301437994202,0.029237975310789244,1.593414567602891,-0.2330227774226071,-16.219087727799753,69.60301437994202,-0.7318157035921043,0.14832349001101175,1.9071022232824666,3.1486079704114296,2.265432661339958,87.85514786169787,38.78073683714497,0.27383135620125204,0.1614657059835831
1h,FLAG,TRAIL,none,2224,1264,-0.5523747447130606,-49.40822973450481,89.44693834648551,-0.23329373894748562,-17.458726633881284,-0.42451853280272206,-39.906920759119835,94.00513210966216,-1.8224090861550226,-0.05048653122434238,0.9048655833064718,2.264832519501262,1.2673079843564898,58.23880192807489,45.95473448204245,0.3619178135434437,0.23985158430806974
1h,FLAG,TRAIL,HTF,1919,1057,-0.5021758697094516,-42.61015182476879,84.85105397322683,-0.01377192947669067,-0.915536964598862,-0.3433809205780651,-30.46212538394062,88.71234118849443,-1.4482046352669324,0.24666281719700078,1.1769333335601766,2.9204714615139578,1.6317312632585763,69.80646175935684,42.78061181468874,0.3730768470564833,0.24669289583063825
1h,BOS,TP1,none,8570,4753,-0.530720957690657,-50.061635580473954,94.32760258480981,-0.685269908386907,-55.63184459854378,-0.5323662620144227,-52.09556615977393,97.85662593014312,-1.9557856055761569,-1.2575375386198342,0.8255976809772212,1.0278555050427958,0.8290849757493138,42.44360342346707,51.1933090876568,0.30259373783749915,0.14313961087058652
1h,BOS,TP1,HTF,6177,3464,-0.3605544194060155,-30.432270174273324,84.40409695825682,-0.567145068388254,-39.03585007965381,-0.3709520458465566,-33.587455764546014,90.54392916986198,-0.9678221072383606,-0.7421547994869792,1.381851494694367,1.72910459733993,1.38282429454625,65.41512384423207,47.30544878494264,0.3963226935868,0.25583309044645414
1h,BOS,TP2,none,7897,4367,-0.5763557316387007,-55.383883657796275,96.09322961069239,-0.6500580279116883,-53.11709426813527,-0.5549257981210681,-54.59968034443281,98.39095700596859,-2.1425732407273466,-1.0624526549883127,0.6352719900234282,1.0546289923303034,0.709637345983488,38.62035651701501,54.422666359943285,0.3501318161764947,0.1753411459821992
1h,BOS,TP2,HTF,5703,3208,-0.3700233553265789,-31.91743340850558,86.2578887225526,-0.5643004395146702,-41.818981753044305,-0.38681155484202134,-35.57737617655602,91.97599123192238,-0.9165083298024591,-0.7525959974555616,1.2810883596782592,1.4331975501356877,1.267162486223587,62.05851640800435,48.97439521978897,0.44348154732777595,0.2904805910001076
1h,BOS,TRAIL,none,5422,3034,-0.5431291253019407,-51.600204666324125,95.00540895802287,-0.5873591785219177,-49.97926213430455,-0.5184822250837287,-51.03637699114903,98.43418833289273,-1.7586297700696014,-0.8141081893439399,0.7383975365930828,1.001679860467879,0.805409183043657,41.91088303935962,52.03675836048649,0.46711338655954593,0.27442338391858534
1h,BOS,TRAIL,HTF,4103,2326,-0.403248883908767,-35.571728757493496,88.21283871312937,-0.550190014736438,-42.39229525488528,-0.4022044526367038,-38.05721430686568,94.62156387721879,-0.9355277594387434,-0.6612543655428176,1.2084385401026034,1.2265611443774214,1.213994210890549,57.43242993631177,47.30865223334227,0.505933301574848,0.3657975183948363
1h,FVG,TP1,none,6324,3594,-0.6214263560304392,-59.86795941640555,96.33958848934475,-0.7866492763573237,-69.92866431134534,-0.6410301442637173,-63.7403422647236,99.4342354023543,-2.76498620930718,-1.9914343412446154,0.48463762164996166,0.3977388944594568,0.43021945597679784,24.55192533575108,57.06837520866371,0.19208384052982513,0.13753112586298868
1h,FVG,TP1,HTF,4936,2772,-0.5128987011643398,-46.8200307627148,91.28514199086072,-0.7481335343078149,-61.493827513722366,-0.5368292775343657,-52.526725707106046,97.84623884218665,-1.8993876176132838,-1.5834431375430846,0.9843386961490795,0.7634117348326324,0.8901100760623109,41.53345006296403,46.661026742558235,0.24636036253652438,0.19053845961716093
1h,FVG,TP2,none,6039,3412,-0.6107689417372265,-59.1411029077116,96.83056695629442,-0.7035592908516517,-60.8438678401239,-0.6020341081656131,-59.74805409355655,99.24363633749552,-2.5419581397587923,-1.4236739151809417,0.4323398603920446,0.7166320318879228,0.46571294556616555,30.963484108943074,66.48620014481426,0.26325224412988946,0.1931652419292777
1h,FVG,TP2,HTF,4711,2644,-0.4870720987991596,-44.69438561421454,91.76133415238782,-0.6420061975822355,-47.84211205861497,-0.47337189699225635,-45.822173880749894,96.799523106247,-1.6399861465956733,-0.9694551364213005,0.8904213461458309,1.1787311607713358,0.9290755321397007,50.54250305875176,54.40085473174632,0.3122702385227103,0.23965919746313694
1h,FVG,TRAIL,none,5496,3047,-0.7334449803683579,-72.67296749785712,99.08441593172891,-0.7117045720169273,-67.72423412870995,-0.7108937295516424,-71.02611701078528,99.9110191274034,-3.4448746372695505,-1.370285731438118,0.07325458128626285,0.3363962828708051,0.15279800355473092,10.902071559719296,71.34956809703516,0.3936285502074238,0.2719301001557021
1h,FVG,TRAIL,HTF,4314,2367,-0.6449328515655492,-62.736980537461704,97.27676359665993,-0.6179438103692009,-54.8343709606415,-0.604143770877257,-60.130002334661455,99.52929291540768,-2.612255049207487,-0.90576772764224,0.3598128386407568,0.7498624629971257,0.48007524335080076,28.45888756576136,59.280056532650384,0.41797536293248805,0.30676028279458484
1h,NR7,TP1,none,34117,18620,-0.999886915099865,-99.98869150997041,99.9999999999839,-0.9999760327162113,-99.997602510031,-0.9999344522159289,-99.99344522159289,100.0,-27.82620379966889,-17.658100752906613,-0.9765613777532999,-0.9885168240707387,-0.9815441592583808,-98.15441571508883,99.99999978528807,0.2085586891190575,0.13988125618621036
1h,NR7,TP1,HTF,29173,15935,-0.999541286904944,-99.95412868899808,99.99999999850299,-0.999885497202767,-99.9885377071211,-0.9997182977813955,-99.97182977813955,100.0,-23.556835341766856,-15.075853624536531,-0.9540469567939938,-0.9761649985995825,-0.9627309713867062,-96.27309020078378,99.99999279353523,0.22441024876129934,0.16931007906248852
1h,NR7,TP2,none,31273,17080,-0.9998055957982451,-99.98055957973142,99.99999999990689,-0.9999692181363827,-99.99692076219478,-0.9998982948723557,-99.98982948723557,100.0,-24.752776335982567,-16.370806756384063,-0.9673460847235927,-0.9861374311548206,-0.9755242038064116,-97.55241952157661,99.99999911938161,0.289694850578242,0.18036921631720138
1h,NR7,TP2,HTF,26755,14632,-0.9993173618638468,-99.93173618126522,99.99999999487704,-0.999849044978356,-99.98488645936858,-0.9995982442696681,-99.95982442696682,100.0,-21.11984080130631,-13.907215456638777,-0.9414416965838804,-0.9716347893829831,-0.953542274918792,-95.35420691451264,99.99997842007944,0.31878724682303017,0.21923960806952034
1h,NR7,TRAIL,none,24790,13601,-0.9999560284529713,-99.99560284529662,99.99999999999949,-0.9999823592512438,-99.99823552853289,-0.999968103211545,-99.9968103211545,100.0,-23.345529200387425,-13.939781751112623,-0.9787874541919381,-0.9860646113492498,-0.9815404918692543,-98.15404904211434,99.99999985246549,0.447863791195111,0.29281347416620407
1h,NR7,TRAIL,HTF,21261,11703,-0.9998018244768399,-99.9801824476298,99.99999999994581,-0.9999112860276494,-99.99112245017386,-0.9998505722643651,-99.98505722643651,100.0,-19.76647497875003,-11.888219855697251,-0.9595356111580117,-0.9723371825135848,-0.9641115090840912,-96.41114686319543,99.99999580420558,0.4710326311065846,0.33794292416048166
1h,BOX,TP1,none,15686,8959,-0.8059169078846941,-80.17884500064832,99.48773157160248,-0.8770720109433563,-85.041265669611,-0.8206121945583043,-82.04634435655122,99.98187316813247,-4.509284001490377,-2.839083451414517,-0.10315923591962249,-0.22374454621724835,-0.12661941667545343,-9.396691579926975,74.21209026742126,0.19344675192798685,0.11457626609225435
1h,BOX,TP1,HTF,9928,5716,-0.5902997247096239,-56.02427706462447,94.90818768750661,-0.793242623057119,-71.8872679133703,-0.6284854865558814,-62.42526611381383,99.32650387188109,-2.2326941604944595,-1.9539164248008418,0.5723544108433116,0.3665256253596103,0.45802467451770573,25.708075656269514,56.128145679792894,0.3156028915102543,0.2634797112474475
1h,BOX,TP2,none,13642,7776,-0.7835114364152791,-77.91013351753475,99.43713632820615,-0.8567691625584536,-83.12216123961798,-0.7992837151001801,-79.90440907887206,99.97002011839695,-3.6802076104067174,-2.2831991519678794,-0.006923066813151754,-0.10010875532094392,-0.029612453863243574,-2.3010374481355123,77.70505810704437,0.2485827189234116,0.15007147697380954
1h,BOX,TP2,HTF,8811,5038,-0.4613425147113347,-43.50173628234738,94.29379451309994,-0.7839195575773371,-72.42147018427917,-0.5667727423706324,-56.09357806082931,98.97014070614527,-1.101347670659989,-1.7608363538922989,0.8534909635713606,0.3194593639539405,0.6165234017656669,36.47525100066511,59.16280046499989,0.35189369682854466,0.2965660467067605
1h,BOX,TRAIL,none,11053,6401,-0.852856678346269,-85.15829451510528,99.85065096779378,-0.823605714030662,-80.6426695766504,-0.8371173397992548,-83.70540381250721,99.9924381360685,-4.049970372656178,-1.3008184533330758,-0.20319812559970526,0.03861990520898097,-0.12608037418518794,-10.295896984027397,81.66137712206259,0.3914866504867061,0.2505738883218375
1h,BOX,TRAIL,HTF,7436,4318,-0.7154216329844966,-70.82037668400004,98.99110317444753,-0.8348451065889655,-80.58231665610438,-0.7477534811989547,-74.713427368324,99.91719095513648,-2.548535210811898,-2.0194616904143854,0.13510546554032965,-0.0775079561148481,0.060548429475151475,4.15732984396906,68.66123333017565,0.4309337786763562,0.37786130987589034
1h,PIN,TP1,none,8443,5026,-0.8539716560997074,-85.22618399521672,99.79978069115909,-0.9390599023741164,-93.07505909794524,-0.8868303498126707,-88.68138621872033,99.99814083657931,-6.0158838920583015,-4.567385568197222,-0.2541998608519887,-0.5603209707510053,-0.3226075308205865,-29.205957661687144,90.53092340218683,0.010028085677540703,-0.0026877228612646287
1h,PIN,TP1,HTF,4140,2416,-0.6313804279958278,-59.97179919215034,94.98520469270333,-0.8146779123509802,-74.37079411706706,-0.6608976992655762,-65.77939141443034,99.5303682968299,-2.8821779686077518,-2.3304107604509277,0.5560626983432926,0.22340585128868817,0.4252098782694918,20.742054872944582,48.78074553996738,0.16384116948883007,0.13178757769578966
1h,PIN,TP2,none,7917,4745,-0.846228616429086,-84.43335454254762,99.77605685191708,-0.9519205033385153,-94.6601954350757,-0.8931504997086118,-89.3138153518504,99.99861768088223,-5.737653692334225,-4.963074368076856,-0.22558955703720332,-0.6224475893127256,-0.3350141691113334,-30.700594557412952,91.63968986401406,0.009327574781355933,0.017994817844654593
1h,PIN,TP2,HTF,4038,2368,-0.6340775027737606,-60.50817489631195,95.42709626444721,-0.8211215480785236,-75.4906404385656,-0.6688387319743417,-66.60612319469186,99.58472799276676,-2.8374667998278085,-2.3706458729630695,0.4818697855148641,0.16147116000334102,0.3496532887410525,19.039143155726833,54.451491717061785,0.2048299777968187,0.17656074297264077
1h,PIN,TRAIL,none,7424,4446,-0.8265965565600303,-82.37885998952196,99.66029901255622,-0.9608357072681787,-95.74635367887515,-0.893104278594207,-89.30924815673139,99.99867909860292,-4.873059454666369,-5.013887221099617,-0.16012512645271654,-0.6670407769830967,-0.33286332864058227,-31.092221279358924,93.40837095615164,0.2897235482465457,0.17464160504627713
1h,PIN,TRAIL,HTF,3980,2317,-0.6712644626082571,-64.87106498833727,96.64010029113568,-0.8522494761758896,-81.62487095985882,-0.721490985427971,-72.0284899608954,99.8328342497167,-2.9196542769500895,-2.6036533145817655,0.32202124210838373,-0.1575770697025242,0.14407418854528373,8.224534058288802,57.08540954720534,0.34234761285038834,0.2950109476600821
1h,ENGULF,TP1,none,17428,9678,-0.9499117725958695,-94.98601989115359,99.9945706868973,-0.9634277988298162,-96.01939038792699,-0.9537682782151058,-95.37680871500828,99.999979967354,-9.333545168607746,-5.462676751576453,-0.559132261928551,-0.6676111843895493,-0.5499839211707565,-54.1696833673226,98.49321276885883,0.015780889538321612,0.013360424153709766
1h,ENGULF,TP1,HTF,9404,5343,-0.8226803859519652,-81.9582927851665,99.62349192308555,-0.8841941533242474,-85.46765896403986,-0.8329025878136362,-83.27952090103535,99.98710787973842,-5.288136619788464,-3.237922271647735,-0.19692091363522912,-0.3409612140552199,-0.2088786992887065,-15.915948940814328,76.19708948309628,0.2579042439530005,0.2111047219333294
1h,ENGULF,TP2,none,15529,8561,-0.9264210110913539,-92.62656690081938,99.98323202072274,-0.9654888642780637,-96.26028530236513,-0.9419227108305258,-94.19221465958032,99.99994009755618,-7.841482431276047,-5.450008439055276,-0.4637617362448278,-0.6849011916641755,-0.49410291229816283,-48.12805514340223,97.40492101038194,0.06860659109404384,0.048561096885129766
1h,ENGULF,TP2,HTF,8905,5055,-0.7739073813499202,-76.81300118671572,99.25348050399964,-0.889275984872206,-86.2217127133,-0.8071193744113052,-80.69062226131254,99.97359104428199,-4.170403521019003,-3.1876939850110566,-0.050912734561530885,-0.3954068982564599,-0.13509633231356452,-9.633046431058522,71.30501817547348,0.31947520278116825,0.2502630816304554
1h,ENGULF,TRAIL,none,13213,7429,-0.9361790724371847,-93.6072876898436,99.98865649298565,-0.9451951715829574,-94.09206894248494,-0.9378216198018351,-93.78210539494357,99.99993966310997,-7.219053201229893,-3.997058730292043,-0.4830032153398348,-0.5473598501010466,-0.46534745049470877,-45.592207571731336,97.9745511085587,0.33117991599670243,0.21408623503595553
1h,ENGULF,TRAIL,HTF,8325,4766,-0.8678566583944763,-86.69813878650878,99.89914572632216,-0.9221970871903259,-90.8911858067458,-0.8835809590742438,-88.35623216443517,99.99789069358039,-4.972533907581723,-3.387308715853064,-0.29875593394245825,-0.4996632024645627,-0.3276821904546621,-28.938454890373322,88.31256544709049,0.42516842129744004,0.3575253414206945
1h,DOUBLE,TP1,none,7921,4274,-0.5406070518535722,-49.52170766301482,91.60388769110652,-0.6940467259213374,-49.61455893911678,-0.5119026316682116,-49.55437256126468,96.80429342544036,-2.0394313662270127,-1.1135211175375601,1.0951255631007162,1.7563276367674923,1.1888311506309615,47.06248421783952,39.58718964662184,0.16648352260513696,0.10795228712386708
1h,DOUBLE,TP1,HTF,4763,2571,-0.40415291213000654,-31.21986066419614,77.2476449561087,-0.6134674247806017,-33.30348272552456,-0.36968073493169223,-31.959754742530478,86.45231336827936,-1.0867675375371904,-0.647206742928615,1.5452076413093914,2.346779175634025,1.6334881335309297,68.02057155800381,41.641301312040326,0.33399574251911407,0.2759359903717681
1h,DOUBLE,TP2,none,7464,4045,-0.5284555504475518,-49.21693050242778,93.13352932095368,-0.7029435466746549,-53.67812087900621,-0.5224888642283665,-50.83239488337799,97.28895362860872,-1.900797811374836,-1.1957073375339065,0.9928783108323594,1.4687145099491654,1.0216052415769104,44.978810281237045,44.027583699364634,0.23745308246247196,0.142406532524029
1h,DOUBLE,TP2,HTF,4534,2448,-0.38045308680675316,-29.645071401780875,77.92043862910948,-0.6754901861554248,-46.82741993268523,-0.4041637964315253,-36.241364110166394,89.66999130093168,-0.9291546815758882,-0.9962141660701144,1.5240993109704513,1.5754365447260894,1.4400997358509386,61.8034106765792,42.91606278231852,0.38504350040708996,0.3068627287871895
1h,DOUBLE,TRAIL,none,5669,3173,-0.49455943747480113,-45.45817564337356,91.91650628583899,-0.6121164706213169,-48.57313889354564,-0.4808457490263314,-46.57429963397184,96.85912733611669,-1.5072063886505176,-0.8792789787606254,1.0460188335352036,1.3154429903967084,1.077607405208568,48.7704810044026,45.25811605290816,0.40492321548719645,0.2672966887136957
1h,DOUBLE,TRAIL,HTF,3839,2135,-0.38659725562342995,-32.218949449269275,83.339829708084,-0.714096382967745,-57.052126017423234,-0.4484603206269685,-42.26552056565367,94.24584209939576,-0.8523214796854786,-1.243239310726952,1.3015965237407063,0.8831965865833082,1.1172949040826652,52.03619416939065,46.57337465627664,0.46622641687652044,0.41330237233584793
1h,SFP,TP1,none,6961,3779,-0.7531433603754235,-74.42262971393907,98.81602046765866,-0.8852757723579916,-85.65548323670141,-0.7915983266118203,-79.12879609338546,99.9607925298056,-4.2766411767716095,-3.331896941437218,0.05601539293225428,-0.30270537679527626,-0.06354917371920679,-3.8869354373851417,61.1642167773831,-0.048028484465610644,-0.04817747898097233
1h,SFP,TP1,HTF,3267,1723,-0.5715194864833818,-51.98357622442713,90.95678704550815,-0.7269300275440984,-55.06429275647413,-0.5431553694654858,-53.090079799265354,97.74381840597619,-2.3136286487858064,-1.3742974810619781,0.9277905951581016,1.4347810204484157,0.9817507656488881,41.258938297307225,42.025878401059494,0.1587470306120249,0.12589368617858407
1h,SFP,TP2,none,6596,3623,-0.7745552034903085,-76.82323991414431,99.18368576953928,-0.8695584737659178,-83.69653232762845,-0.7954678247306923,-79.51954327094307,99.9657570032636,-4.507638437585608,-3.0560457010798574,-0.015732690290561884,-0.2042705507752778,-0.06512604688978402,-4.181451290060401,64.20551361173317,-0.02417018991714812,-0.037607808375233705
1h,SFP,TP2,HTF,3217,1708,-0.5928860717538753,-55.19712634439908,93.09904376926072,-0.7156338456319005,-53.989659258629906,-0.5580831884716376,-54.776250599097466,98.15069102709812,-2.4774349870338472,-1.3046590897255703,0.7331029903297293,1.4556048269808795,0.8295213557077178,38.333289637952504,46.21133545772058,0.20651197496316967,0.16742169084390995
1h,SFP,TRAIL,none,6082,3372,-0.7394837938489544,-73.02002410945032,98.74459010032783,-0.8515704972288946,-80.11853177481554,-0.7582125701662444,-75.76609559484116,99.92724807797477,-3.7389423193373426,-2.5057986983132956,0.08944336561806096,-0.058409448387840075,0.04346453944765531,2.993507533564266,68.87240890172943,0.22097513974595348,0.16294409485718686
1h,SFP,TRAIL,HTF,3157,1673,-0.6163794866245944,-58.025918044549776,94.13992403009743,-0.755310839078459,-62.36141243350676,-0.6025289564054128,-59.604382745798404,98.92368177852929,-2.5124855610561783,-1.530086218859691,0.5717483606194055,0.8601426992162648,0.5870054652902351,29.838270386094834,50.83133318246329,0.3126857033156862,0.25769679002661916
1h,FAKEY,TP1,none,14832,7600,-0.973127203303421,-97.31196303313989,99.99922179012196,-0.9594193416394582,-95.58788973811193,-0.9680036466238572,-96.80036144642959,99.9999966777438,-11.37407604926064,-5.312622752391418,-0.6687943403279757,-0.6412189253819118,-0.621594454656402,-61.78818197024548,99.40272392616511,-0.016022877176978326,-0.016400390287808677
1h,FAKEY,TP1,HTF,7700,3838,-0.8179855532025303,-81.47611095711787,99.60580677510409,-0.8536105666621163,-81.10696499545482,-0.8136522191734061,-81.34715307251645,99.97779291397677,-5.296750205902608,-2.841474819923652,-0.1648025754177912,-0.1221064840559622,-0.132719449039214,-10.72845334571031,80.83557777986573,0.18551673240097513,0.14449066377568107
1h,FAKEY,TP2,none,13820,7114,-0.9794703019071762,-97.94669859257668,99.99966145156183,-0.9554210566662665,-95.09968409745787,-0.9721213077199194,-97.21212914971908,99.99999833120326,-11.98825129666054,-4.983391907694163,-0.7036574714200682,-0.617126078722348,-0.6392078391218635,-63.63604151930817,99.55453864071919,-0.008718353850656889,0.00859473270497318
1h,FAKEY,TP2,HTF,7469,3722,-0.8735890211511923,-87.2487864104108,99.87395021910494,-0.8714874471083969,-83.69131251013697,-0.8610090649669008,-86.09647679954566,99.99485522589174,-6.326027269520422,-3.00924932787518,-0.31685103531505254,-0.26236643260317877,-0.25991761452000667,-23.029443539941074,88.60285818823729,0.2533300252825097,0.20161663057514562
1h,FAKEY,TRAIL,none,12167,6280,-0.986651885404056,-98.6651060218416,99.99991636506734,-0.9481331635930952,-94.52048854238977,-0.9780682136346314,-97.80682107381699,99.99999970385896,-12.328146338557003,-4.013986706232111,-0.7536896476770866,-0.5168954297400533,-0.6724063890581522,-67.1096937563612,99.80525891546415,0.29899222912223555,0.16319029737711332
1h,FAKEY,TRAIL,HTF,7030,3499,-0.9124906174427141,-91.21638914445703,99.96419404299634,-0.9122767346003527,-89.73034004980188,-0.9072072324284082,-90.72017175094041,99.99939209931237,-6.673953189341862,-3.417615151205289,-0.42733219874121187,-0.43557080766467954,-0.38734295070966657,-36.75073996817161,94.87907266890775,0.3983769154792292,0.30379773838854235
1h,TRAP,TP1,none,19315,11567,-0.9206952656017113,-92.05110966150018,99.979996748806,-0.9611777939297819,-95.79612215844102,-0.9364623279590274,-93.64614380096229,99.99990496687609,-7.437639038929298,-4.957077411108172,-0.4168195701268663,-0.619698140722148,-0.43488146083585977,-41.492972977712526,95.41214495085939,-0.2268516833469809,-0.14433829934216763
1h,TRAP,TP1,HTF,5876,3339,-0.5575774091026773,-50.885227920195575,91.26127976039487,-0.7068648381888837,-50.61349848879344,-0.5215801932268967,-50.78986191014895,97.37689921836133,-2.097012459321457,-1.1202290369551549,0.8577482845351916,1.4936858511502582,0.9495632810689013,45.218805667467656,47.620634210461354,0.13337457644690984,0.162862514793318
1h,TRAP,TP2,none,17613,10527,-0.9099969772180099,-90.97326609241794,99.97095415694254,-0.9249479318238777,-91.43939916020236,-0.9114045765070917,-91.13997733203958,99.99947299072007,-6.567592427076439,-3.3392809308691858,-0.3461252003461602,-0.31122400116503607,-0.29744379655142417,-26.599692525052486,89.42762576812976,-0.28101110955093883,-0.13041170702009092
1h,TRAP,TP2,HTF,5829,3311,-0.5084802677532929,-45.472984241415624,89.42920133820894,-0.6261510530286714,-43.374256842283174,-0.4699243092271426,-44.74411439868682,95.2155773177065,-1.5104408092709927,-0.7442581768079704,0.9235760114467767,1.5489307258642793,1.0323852132098064,54.78466515102052,53.06610793144604,0.16335893409194427,0.20017020693608695
1h,TRAP,TRAIL,none,13504,7823,-0.8588673452641912,-85.81108217000374,99.9119161336934,-0.6650587799653164,-62.70828018763201,-0.800835096544063,-80.07043272768757,99.98367088708379,-5.01913066627041,-0.9318017581715763,-0.2065950029233921,1.0237690463583424,0.033686216059449874,2.766417122751652,82.12311878156463,0.011627078283954909,0.008367106555679854
1h,TRAP,TRAIL,HTF,5719,3261,-0.4915448754970247,-45.972264504210514,93.52607828069766,-0.7268701243325758,-55.41645144421654,-0.5083783258327544,-49.501381376575836,97.37114833817823,-0.8993526802442624,-0.8879518967305468,0.8291901124199053,1.1180494593488783,0.8173673302549515,47.44877026866783,58.05073008468262,0.312484717433498,0.33673020694521594
1h,WEDGE,TP1,none,6670,3607,-0.6316152159029617,-60.54848321337225,95.86292680870852,-0.7302574375991951,-57.51237501269133,-0.6006572937212796,-59.50658496749692,99.06911243653275,-2.8531654113181384,-1.4110048585941062,0.5210215245205189,1.2725467632501164,0.625922216320842,34.550220893197945,55.198904899531186,-0.13159954281428052,-0.010931145672523625
1h,WEDGE,TP1,HTF,2397,1179,-0.33989566628885104,-22.59454864839028,66.47495360881983,-0.6142196445515926,-21.31018671570559,-0.2967204657921732,-22.145389452205468,74.63384567384838,-0.7790242206317071,-0.3976946446126831,1.7093547756567793,3.3506060674761615,1.8355149059928049,81.63272565682742,44.47401946467626,0.14807472195318003,0.21227526168475658
1h,WEDGE,TP2,none,6179,3351,-0.64355221433751,-61.87946755091625,96.15298676987173,-0.7422079933176822,-59.762321362282655,-0.6165311692295847,-61.148112314075576,99.18089362859959,-2.88240179586177,-1.466572882703925,0.48584600588157845,1.3140615784410696,0.5797897521737461,32.77140731638324,56.52291575267891,-0.12058280960246825,-0.009622297826089438
1h,WEDGE,TP2,HTF,2282,1132,-0.2000714505384506,-11.694481866784411,58.4515273684034,-0.6185480542800283,-26.49141624634388,-0.2449378826376998,-17.20884907852228,70.25801355512154,-0.3186375366170698,-0.5022951961892999,2.165754446663286,2.927995943528737,2.14800167572638,87.00153152706393,40.50347469940545,0.17337270617887263,0.22784150225799607
1h,WEDGE,TRAIL,none,5152,2745,-0.6267925964207931,-59.680432822192216,95.21559948695717,-0.7043136443214997,-48.844152736295875,-0.5707857702874136,-56.16077754209077,98.39204210331233,-2.605797656278508,-0.9960936298058212,0.599890829625815,1.7011117886520115,0.7978056760755841,38.569197204582096,48.34409977415108,0.1372382655424454,0.12022906939033548
1h,WEDGE,TRAIL,HTF,2100,1067,-0.2707456322964347,-18.664890911684807,68.938844011522,-0.6464036053232848,-32.70525494246672,-0.30697565383830316,-23.90722255290295,77.8798652400489,-0.4855386638061444,-0.6247503452509595,2.0159838640602126,2.343506376591547,1.993342444037319,77.411079216414,38.83481207555359,0.31271404655749324,0.32745143763501217
1h,CHOCH,TP1,none,7911,4168,-0.5123857760398011,-45.847168583786825,89.47783238273482,-0.6616086561321252,-39.50130923362427,-0.4575481952371549,-43.69573650421059,95.49974616676688,-1.8338733349144523,-0.8053175950600935,0.9893776156059432,2.534374012330157,1.140593123575175,57.28304440433774,50.22215478976828,-0.027448807154965293,0.03086841618790859
1h,CHOCH,TP1,HTF,4126,2106,-0.11743702353814076,-6.381909781752126,54.343252148922474,-0.6637393990157351,-34.905189210971585,-0.25725248900850867,-17.610010066624504,68.45418730250672,-0.10787505187223284,-0.702091350166183,2.2721915774426393,2.6453047449858853,2.1111453012848265,85.37879867775781,40.44193387626941,0.26042053532986925,0.30478081384132794
1h,CHOCH,TP2,none,7589,3998,-0.41113142698099653,-35.278696254650136,85.80880453169735,-0.688503816997478,-48.9321126559325,-0.42419644710459903,-40.451742535183044,95.36087067982535,-1.1801070163435052,-1.056352497197882,1.2796453378246522,1.9282738857356732,1.2435891997722621,61.61330932649924,49.54474462932169,0.06703675119762463,0.056815282321399124
1h,CHOCH,TP2,HTF,4071,2080,0.09187237500294818,5.003659538940419,54.463156512279696,-0.7210007057366241,-52.74903454202757,-0.2618365477065846,-20.699512807644716,79.05509367943813,0.33784002591489287,-1.2293869255728584,2.545088768669913,1.6108816659192906,2.013215325560783,81.12716566724916,40.29731178638386,0.3038426154048624,0.3293669890513257
1h,CHOCH,TRAIL,none,4872,2471,-0.3834966798917327,-30.62497255772311,79.85720389122804,-0.3937565362892969,-23.529916192103496,-0.33221839906970524,-28.208790772771653,84.91038079697975,-0.9028250141578111,-0.29647954992986325,1.5694981231337712,2.818435773972623,1.7468143658396733,74.28740607977717,42.527361540256216,0.28619164174012435,0.17971270401920983
1h,CHOCH,TRAIL,HTF,3310,1790,-0.1484363617431091,-9.058353068716796,61.02516231429605,-0.7601712632469484,-60.81589095066242,-0.3646646414215324,-32.35999948164441,88.73906544791113,0.03776098963036505,-1.4856632718126987,2.400691505416794,0.9122127645904436,1.8133886010660794,65.35941932299134,36.04269889232069,0.3896208908166136,0.4349024969940822
1h,KEYREV,TP1,none,4591,2826,-0.5828845854377941,-54.46506894432377,93.44057177874423,-0.7299111985492207,-60.01008518202031,-0.5730995147257998,-56.49720625364569,98.58184277241423,-2.431799616260684,-1.520086072448017,0.8548162821316212,1.215796137346659,0.8871731245722111,38.78563142726712,43.71822179123076,-0.06425488713506664,-0.06493558131718866
1h,KEYREV,TP1,HTF,1878,1045,-0.418126672665534,-29.748327466358226,71.14668690402914,-0.6317688593945905,-31.356661419654685,-0.36194257499732857,-30.318049386845125,83.76480547243965,-1.0996207760772982,-0.6362926244828655,1.7999923293130806,2.5278935360435075,1.9111979929310068,72.5677748596731,37.9697839407959,0.10149835713776184,0.07451348284462139
1h,KEYREV,TP2,none,4438,2722,-0.5578761422092889,-51.30390300504093,91.9628912644809,-0.7238574095452263,-60.427319738202414,-0.5577106782735277,-54.729371806801964,98.13219279972274,-2.140407576466564,-1.483109088525473,1.0746460846250256,1.3553797194833637,1.0671425737648608,42.643362498786374,39.96032352859967,-0.06499958601276233,-0.05172491243871019
1h,KEYREV,TP2,HTF,1861,1033,-0.4034922523203224,-28.590189481377017,70.85684871758077,-0.6643470364156101,-41.50868586224307,-0.3843181221079316,-33.428711352572435,86.98187628837431,-1.0103187562248923,-0.8997645998468138,1.914301795905427,2.1448663394872063,1.885501551230343,68.43131946542425,36.29343047783274,0.14338093646076144,0.10831440401024617
1h,KEYREV,TRAIL,none,4119,2493,-0.4738000847757128,-42.51734996133768,89.73689817186191,-0.6708786438802324,-56.030152630551115,-0.4893665147570424,-47.685954096412544,97.44425222900132,-1.4294910891962005,-1.2116089910170167,1.4818915285111254,1.3593500628224806,1.4118013643934806,52.33204518518044,37.067569493150785,0.104693402790688,0.07089622934461096
1h,KEYREV,TRAIL,HTF,1826,1009,-0.4200710138883459,-31.550365388987245,75.10721841277359,-0.6531093541980295,-45.71439389527333,-0.40488036379114434,-36.908482717798066,91.15898427921077,-1.0611829027560313,-0.9956167014867053,1.7393657955177537,1.8230515285494686,1.6803548674421158,63.155028149087244,37.584339696783,0.24255690145956496,0.17175197999249459
1h,CLIMAX,TP1,none,540,294,-0.26447165109058207,-4.471377643752894,16.906831508460762,-0.5699024709237216,-10.90731603521239,-0.2191247316516353,-6.7855178086925765,30.966462605782898,-0.1396806855725592,-0.19629550378979976,3.293085782602464,4.064764796879924,3.4015287606113893,100.74025050244812,29.616168961729173,-0.20075760867132264,-0.1469100705667547
1h,CLIMAX,TP1,HTF,31,20,0.11595055385171585,0.25478183439890945,2.1973317585419982,-0.29453655311985116,-0.9364050180126093,-0.045732060949187844,-0.16564926868870566,3.6221693326429327,0.008565476609824806,-0.016305717669441135,3.300844049388229,4.351439053113973,3.4741776589492863,106.732333387452,30.721610655838372,-0.026366923326714142,0.003018758094887277
1h,CLIMAX,TP2,none,540,294,-0.27410401860579103,-6.10368299437678,22.26776179868757,-0.5457847223468496,-10.955618838548208,-0.2198926167167445,-7.838984840762975,35.64914983417016,-0.19141361159914186,-0.19587806289934906,3.234968067621394,4.062303740580064,3.3593998104565665,99.80773174780691,29.70998909898799,-0.20209551584709012,-0.14500214759064098
1h,CLIMAX,TP2,HTF,31,20,-0.03592356979790183,-0.09744722229676483,2.71262635770837,-0.23677751088621096,-0.6469660794383603,-0.08827190881930723,-0.2909971405822609,3.2965996144700194,-0.0026275827269648944,-0.011120837254080314,3.2894556964614035,4.364002487947919,3.470557488085031,106.59728217675597,30.714743248806908,-0.018982266563907935,0.014565234971202568
1h,CLIMAX,TRAIL,none,519,270,-0.24337978269266203,-6.878452532991353,28.262218237237093,-0.58075334945449,-12.674305378393369,-0.21809982609158182,-8.958791492536132,41.07656412698957,-0.20651707569787006,-0.22674900727895003,3.1815999169129157,4.014603958724927,3.2916292566150425,98.71852705754476,29.990779447337356,-0.12992641135356078,-0.12663848690456436
1h,CLIMAX,TRAIL,HTF,31,20,-0.011683615049931472,-0.043200132807741376,3.697497103689218,-0.4207181494380616,-1.9611420618974917,-0.14122491723253575,-0.7217654477789992,5.110751430574867,-0.0001397195295061611,-0.03439322264552212,3.2830021292523797,4.3206035580923405,3.4480370834728604,106.14129000559767,30.783105702184688,0.007554979032937225,0.009800542328445185
4h,H2,TP1,none,1918,1101,0.37239571680566924,10.004580877943514,26.865456358522778,-0.6060806893293307,-25.949897967615577,-0.09319437120760451,-4.285441710551263,45.98391142105348,0.3819025927288823,-0.487680660319585,3.0560414424634494,3.009979933022881,2.8217496755135225,100.21744396543623,35.516064672603505,0.28155314322497316,0.22668221051605345
4h,H2,TP1,HTF,1484,864,0.8887046646771769,14.531451197918344,16.351271435260117,-0.5451594441649259,-17.14342893623887,0.06478869391850064,2.209729227236523,34.10671050131368,0.49807479762395157,-0.29971808329742655,3.383306838640131,3.3548181331738487,3.2032220471230306,106.69851666862611,33.30974721669927,0.2672428540745888,0.31157585736952825
4h,H2,TP2,none,1830,1047,0.4415375538304315,14.858919924439395,33.652675283302926,-0.5208820342507877,-23.321977059442254,-0.007374140082119803,-0.35324134893652825,47.90271746980211,0.6042058602680774,-0.38782152178328483,2.6597927004448882,2.6555080158764586,2.450275274366809,102.70907995961221,41.91736374850941,0.3574254535278144,0.29111118181111306
4h,H2,TP2,HTF,1420,823,0.5151412382312742,13.78317934025921,26.756117191439465,-0.3676899514728902,-14.925396206212815,0.061192635210146416,2.725950439462266,44.54703462436069,0.5374192871632573,-0.2227503940627511,2.8911529073095545,3.0822723509617926,2.763881242701059,105.5588503879354,38.192252531362705,0.3318933958472312,0.39199562460009
4h,H2,TRAIL,none,1637,964,-0.27599419974292877,-17.294635626414177,62.66304017447845,-0.7079191000087446,-49.87247451464187,-0.3514541767327739,-30.644928257564217,87.19466230974659,-0.242981315090085,-1.0237783796080813,1.6373246277125681,1.3300082652368492,1.4104508455750493,66.87518582776559,47.414049229415134,0.4532154675197577,0.3850995988134863
4h,H2,TRAIL,HTF,1270,754,-0.3205941798480673,-18.57978862340187,57.95422933818391,-0.6745228719765283,-42.674738899039646,-0.3408667027597673,-28.029412840386257,82.22983533871465,-0.38601438002854926,-0.8317889895410765,1.7580886824907305,1.6214378423539624,1.6104995964281372,69.95684291292372,43.43797605915469,0.40099919719233307,0.4734659206839944
4h,EMAREJ,TP1,none,5765,3446,-0.4751394741914671,-42.35287042895111,89.13776423443225,-0.7092482051182168,-55.86538544481064,-0.4913539123072476,-47.51997419980929,96.71231470747843,-1.5267230651355024,-1.2886227628302724,1.0516614305972545,0.9842211407420078,0.992966898834154,48.25368952452078,48.59546635560119,0.2518821490883422,0.27981216393760333
4h,EMAREJ,TP1,HTF,4368,2691,-0.4363959680712949,-36.983629963115675,84.74787273257662,-0.6001624043041771,-37.40835000031555,-0.40143023707931025,-37.13328401057849,92.50245890979582,-1.2962250433166624,-0.7031308602995859,1.248090604714267,1.6596617652562573,1.3398524582744975,61.41819516412035,45.83952119863747,0.22345639140769222,0.41083524642798896
4h,EMAREJ,TP2,none,4900,2926,-0.3693530409823154,-32.34451610634175,87.57073184051679,-0.7208595734557419,-56.3605236424765,-0.4379981862043065,-42.010099479589016,95.91386631905637,-0.7666576772988694,-1.1797251147016887,1.171128851561305,0.9296433331424286,1.0250190459466313,55.85465857937972,54.4913373075878,0.2897727582580179,0.3187666126957998
4h,EMAREJ,TP2,HTF,3750,2257,-0.39979575896865915,-34.026303905807055,85.10921675003173,-0.6603095743418865,-44.26362447103045,-0.4047588886795173,-37.82392850334482,93.44804910088904,-0.9595034584662739,-0.8059668520615885,1.191251783830208,1.3348574985248718,1.1809933734365141,59.86127320228227,50.68722191733804,0.26320803882194976,0.4614490813543805
4h,EMAREJ,TRAIL,none,4056,2380,-0.4298052127247471,-41.62414387349013,96.84420440044029,-0.8458302438744466,-79.64169748241432,-0.5992433256023582,-59.692617826727876,99.61332112748185,-0.3319495802889406,-2.049818622245307,0.796414944793168,-0.06513091061272049,0.4506472549788505,29.369883097486515,65.17266614408842,0.4461987396557827,0.45113940568336786
4h,EMAREJ,TRAIL,HTF,3135,1842,-0.3844615415058871,-36.33972977543958,94.5211051100234,-0.790613557903574,-70.05378179488098,-0.5177712428885988,-51.16692897011569,98.82149631304364,-0.3228601548269927,-1.5337784474196263,0.9644048177253107,0.26031292464149636,0.686121985796092,40.26156534089913,58.67989391738342,0.40147569573486924,0.5681043652058655
4h,RETEST,TP1,none,3696,2205,-0.4318274576432201,-38.017557264024646,88.03876777894727,-0.6263106023113048,-43.014446506360926,-0.4316533682448356,-39.82247216292978,92.25567340028795,-1.4186016829476054,-0.9135255181546051,1.22400899223736,1.627554607716823,1.2608079118235223,58.73389872318236,46.584335466482585,0.3112267698287826,0.19030617078261342
4h,RETEST,TP1,HTF,2131,1318,-0.307591008785788,-19.864738637410117,64.58166223982276,-0.49674371707040715,-22.22601150538006,-0.29785811320263256,-20.702996139677953,69.50623542556897,-0.6422448673287754,-0.39702740157327515,1.8942254292016,2.639624927883629,1.9916933896474873,81.46506207671418,40.90241123465936,0.29507900747556753,0.3815753705899608
4h,RETEST,TP2,none,3376,2021,-0.33642213770622753,-29.560896015069225,87.86846257092202,-0.7028912463631515,-55.20582794746795,-0.42878613444372093,-39.92492902865481,93.11152068956427,-0.8683435085974155,-1.2548368975653275,1.3236642326048977,0.9918496709456526,1.1434598414419628,57.7496084528307,50.504273398885104,0.37138884663852123,0.23430447293920106
4h,RETEST,TP2,HTF,1974,1222,-0.22674624575755814,-14.97183765164769,66.02904317831967,-0.645036184455833,-42.76240748553206,-0.3173990941883519,-26.0171063031968,81.96969298140988,-0.3658824727581985,-0.8789009382825188,1.851429741302697,1.520144596446652,1.6772339953109001,73.87987137537215,44.04863697129954,0.332979873908161,0.4527887305157968
4h,RETEST,TRAIL,none,2965,1775,-0.5294688731184806,-50.57730583208436,95.52460663871085,-0.7192439040108891,-61.82403495401614,-0.5562845359519798,-54.86633642398338,98.62998677482491,-1.5234993533445018,-1.1895523384518931,0.6129492964520581,0.5390772004959864,0.552030717597323,34.70269219826208,62.86369778352776,0.5414535486615709,0.34258412963141477
4h,RETEST,TRAIL,HTF,1761,1100,-0.41935699932644444,-33.948977924337534,80.95483795159043,-0.662720359140491,-51.53386388103842,-0.4346586361426806,-40.76046700468553,93.77581305276433,-0.8957979849773328,-0.983568100785708,1.1378654874483622,0.9105243766073361,1.0390666386917549,52.853166260896465,50.86600251880059,0.44847344805214856,0.5384961421228319
4h,INSIDE,TP1,none,6040,3270,-0.1408178644768432,-11.307375878820602,80.29787925579602,-0.7158206700557452,-53.63485044372119,-0.322722006770189,-29.393191806708774,91.0789818794097,-0.08476988442504876,-1.2082205830194934,1.8871829863206873,1.1938784978789603,1.5461771881805728,70.22272673872124,45.41699830751879,0.3523178394907592,0.3412186679228126
4h,INSIDE,TP1,HTF,4726,2604,0.009024413857414653,0.6251906990760281,69.27770700169718,-0.6044928493806394,-30.049558833953938,-0.157664374478882,-11.450680513374078,72.6269364986306,0.2625115043560425,-0.511426377917599,2.3968849013559264,2.323951903665737,2.2186984493345254,89.94783499626851,40.54081122346634,0.32435007445892283,0.45303487173755774
4h,INSIDE,TP2,none,5117,2813,-0.15541487162563522,-12.765401097994722,82.13757772643623,-0.7582942575138953,-65.07739408629989,-0.3881112186421069,-36.77285143590008,94.7482310986991,0.16680502232414862,-1.563631224196064,1.7866749185154327,0.5922515557496604,1.2926034015358485,60.30686826070772,46.65535321124188,0.40715582276706513,0.3897240526729954
4h,INSIDE,TP2,HTF,3992,2238,-0.11080455060569176,-8.557105956143808,77.22702641153305,-0.683180040584569,-51.286195089300634,-0.29745863732338246,-26.71900920794976,89.82428430512228,0.20080124899799137,-1.02879852367221,2.074423761588518,1.1577170494214535,1.7129384737277777,71.57525313691654,41.78506947838652,0.3703024536567482,0.5030647948792233
4h,INSIDE,TRAIL,none,3953,2242,-0.33228208920617935,-30.97977909898364,93.23337039620225,-0.8424035411621649,-78.15399617644894,-0.5441115143867091,-53.94027199483562,99.13459018714934,0.23654750344490022,-2.047547649852806,1.0028168538439475,-0.03739293535115885,0.578286084856375,36.12816988869456,62.47456204599402,0.5129333304446829,0.48086489978289443
4h,INSIDE,TRAIL,HTF,3121,1785,-0.3805167606124525,-34.723664228772385,91.25396782229426,-0.7778020818646236,-65.43733459373652,-0.488297810349891,-47.80063650009868,97.89238347361628,-0.26196584261709976,-1.3471803006255492,0.9927883984764394,0.44296205822267903,0.7638836937668031,43.278845575226256,56.65632861177207,0.46631611488780467,0.586188453375148
4h,FLAG,TP1,none,456,274,0.2787606156726445,3.896087661090797,13.97646382610257,-0.44435238913360076,-13.814905308549685,-0.08068456031141463,-2.711428632200541,33.605297243182086,0.14382528656241564,-0.2470815839733809,2.947471719261114,3.605224682226843,2.9194032575177125,103.0539772395513,35.29967193609808,0.23339205847630953,0.13763156632025383
4h,FLAG,TP1,HTF,371,220,0.19346525065926018,2.5521588334153744,13.191820364218032,-0.3395752270147685,-8.248735032334498,-0.05154849918230755,-1.3830457905097182,26.829991414850085,0.09814324239661516,-0.1400543417281689,3.043295106970335,4.043236548020323,3.0943318361430365,104.5025276523194,33.77224331007036,0.212528521843843,0.1669196170522006
4h,FLAG,TP2,none,454,273,0.23301314774975518,4.993645342857911,21.430744964746985,-0.5562046044845834,-20.911256746723705,-0.1287918058133126,-4.961259161511633,38.52154358875223,0.20598615734400844,-0.3875064122216702,2.735295616794175,3.0737981072742437,2.6230145421403948,99.99453432461604,38.121990068350875,0.2678827214669836,0.20172885657406994
4h,FLAG,TP2,HTF,369,219,0.1785589970661086,3.3849708259167555,18.95715635467825,-0.46991483817191115,-15.01695314288698,-0.10616386264099041,-3.4997525169747523,32.965572558429876,0.14858908684020375,-0.26655330340330763,2.818948105273688,3.474783110492727,2.786880394164361,101.65406392902985,36.47593349965439,0.23988892040975485,0.23179241547516122
4h,FLAG,TRAIL,none,441,263,-0.23953392108613658,-7.439361489196006,31.0576533605894,-0.308965785269616,-9.024500810319914,-0.15797238597311009,-7.999801484507341,50.640505523978476,-0.17473496947730857,-0.1196091678118413,2.3114652020976574,3.2095082280413547,2.425225899376228,95.31034639452803,39.299574699017526,0.394709702450429,0.25953227190163863
4h,FLAG,TRAIL,HTF,360,212,-0.2536178003382354,-8.170244814993898,32.2147925110056,-0.17409138986623027,-4.527059934260702,-0.1390830208576856,-6.905469457632152,49.64998182415135,-0.21561985626954078,-0.04296703394712925,2.3759773967822633,3.5211781169347134,2.545782598973579,96.67792498173753,37.97571914456348,0.3704046393577251,0.2921129096556911
4h,BOS,TP1,none,2218,1150,0.223116466734644,7.324368713814633,32.82755782667365,-0.4245204786309854,-13.775967287220237,-0.016576751307421745,-0.6259817507013876,37.76263147659837,0.3155915012274072,-0.21685074333238386,2.8451535030696418,2.993750546222603,2.7900516830760993,103.08221991421607,36.94634781839075,0.3801138839721088,0.24492079008924503
4h,BOS,TP1,HTF,1489,757,0.09160279442157394,2.5752609418744354,28.113344774424476,-0.10976607303664832,-2.4890470998512604,0.02621189365833469,0.7654102300670651,29.200874993771574,0.1410262698709135,-0.014645368623516952,2.6097176682286953,3.603778043985658,2.7110862125170145,104.0563502617232,38.38179316515193,0.3470209827119355,0.4564565236258293
4h,BOS,TP2,none,2006,1065,0.3360138338903119,11.880287785398025,35.35654365134329,-0.4367529860489279,-16.07271455967193,0.02853192306972774,1.1247943948847094,39.42231275949681,0.5015557020172827,-0.23867106073195682,2.8762612815972695,2.605650021044479,2.7582134514286776,103.68622618054175,37.59180643790827,0.4278404046196742,0.29155502671670125
4h,BOS,TP2,HTF,1362,713,0.27523974326574,7.4942120859345485,27.227943163349757,-0.1662365168795494,-4.6180802022877,0.08930030944692804,3.069689330765657,34.37490138362846,0.3263894632201273,-0.033169123034199305,2.6366484102541903,3.191817107786726,2.675198158994578,105.21069414057465,39.32818725477745,0.37626289455022477,0.5019607650952402
4h,BOS,TRAIL,none,1267,730,0.49869990288967814,13.03704143027009,26.142057286813092,-0.5427167347980214,-27.354279859723018,-0.06117599685212216,-3.2363873963739853,52.90289595439125,0.5528210231352633,-0.4638364818037372,2.798769759945482,2.0015760624785153,2.458970232142254,97.5463402855435,39.669589737392286,0.48622604163024247,0.3974849083052633
4h,BOS,TRAIL,HTF,916,527,-0.1158716134991447,-4.7491100048667745,40.98596594498816,-0.4575557256052679,-18.48591840267594,-0.16555972131681387,-9.824432683726725,59.34071769139284,-0.04606798725182451,-0.2797217221988637,2.3120083728309595,2.440145834058816,2.3023862293244455,90.88270096711825,39.473264654551286,0.3953943649608351,0.5623012276225601
4h,FVG,TP1,none,1768,959,-0.29319238448509516,-17.216784150105447,58.72179859085216,-0.5038398472378259,-19.906248052989074,-0.26418859803105615,-18.17250920962922,68.78612228182908,-0.5467464978626192,-0.35212863647034465,2.4289866332895294,3.0282818250750334,2.5448235712174965,85.36222668710987,33.543475332661586,0.28844692683803996,0.18097897232657087
4h,FVG,TP1,HTF,1230,637,-0.3041719150405549,-17.2364819465161,56.66690806814949,-0.5246490985129748,-20.510576400829848,-0.26534288876956624,-18.40270821893133,69.35444286548389,-0.5695457475135391,-0.37929929549589025,2.353847861952475,2.9726115101436648,2.4582703135815005,84.93349486518305,34.55010394745476,0.270696714772991,0.30099783750752684
4h,FVG,TP2,none,1682,907,-0.3174858005218327,-19.634867015564172,61.844866709917426,-0.5384292179993401,-25.31502774302451,-0.29116094120305847,-21.6795716821212,74.45906580924829,-0.5858996162517417,-0.4454131807046982,2.0480478745610653,2.5177603874543233,2.117428737693031,80.31361829567942,37.92978571887253,0.3561709564904424,0.2260791968120901
4h,FVG,TP2,HTF,1178,608,-0.3653799238206046,-22.283646305381787,60.98760455246766,-0.5041623658134363,-22.312398840040913,-0.2953722380515116,-22.293756569234013,75.4768177141485,-0.7346859606245242,-0.40686917311807547,1.9239436763854556,2.6500891368252923,2.0482390558573047,79.33864747099055,38.73505255361065,0.3267070721514103,0.3813010982640892
4h,FVG,TRAIL,none,1499,822,-0.377001907373253,-26.729994861720396,70.90148441943082,-0.23739808565104772,-12.686721371997,-0.2729255936210227,-22.070642849191014,80.86688593902164,-0.741702725375669,-0.050423686614144064,1.631538236296543,2.4550374580872587,1.8692275593205128,77.72875946756201,41.58335836639247,0.45743960517084614,0.3116502196838767
4h,FVG,TRAIL,HTF,1067,555,-0.33544524494042705,-20.93335320150732,62.40468009980273,-0.3098349792395973,-13.507247451704519,-0.23879486403925657,-18.39806126763035,77.04546469896358,-0.5761116972000784,-0.16099793032193654,1.8346304099538944,2.5791187201026684,2.020210250296406,81.39151462743392,40.28863560883929,0.4282477285434306,0.46283166011696303
4h,NR7,TP1,none,8500,4836,-0.7905045671604488,-78.5344655145581,99.3472634783879,-0.8406548460761185,-77.8267940156004,-0.7832424425140286,-78.2882687982193,99.95406856008967,-4.564646975786765,-2.4445279865827523,-0.09702499718109311,0.05048484514772365,-0.05227725479563508,-3.3412413116930773,63.913863204080414,0.2165705168754014,0.18099878766536653
4h,NR7,TP1,HTF,6671,3924,-0.7235198886950855,-71.13261187004329,98.31466001347317,-0.7684133494745229,-63.65850734395835,-0.6888749019784757,-68.69853635847798,99.72570659951914,-3.6850251830260565,-1.6114490477779846,0.1600960819743396,0.8550770031109977,0.30708425852669585,15.28091881227831,49.76132246436816,0.20315808775631414,0.26058454143123777
4h,NR7,TP2,none,7765,4390,-0.6988694903120102,-68.73139547734695,98.34653884613253,-0.8409478088152963,-79.01382087124186,-0.7290796562381632,-72.82170711200942,99.88168849443424,-2.8991761635923003,-2.3086929209924856,0.2130030920983792,-0.01280643745882352,0.13138008083739505,8.518445878910285,64.83818417993893,0.28957960321856363,0.2572419961610151
4h,NR7,TP2,HTF,6086,3550,-0.6633419034757734,-64.42718170025509,97.12514973450355,-0.7715854034137369,-66.87040181599583,-0.6556847409058093,-65.30607308385102,99.59980614103141,-2.6558992079164403,-1.5827442417196271,0.3647506254040907,0.5209273689992278,0.3890146485499264,21.054185253257817,54.121831483052006,0.27536266467478143,0.35253501696117573
4h,NR7,TRAIL,none,5987,3444,-0.8343701092207032,-83.32565098122548,99.86653412003356,-0.9256412939138816,-91.50215362777651,-0.8684659116287858,-86.84396675557807,99.99697811132783,-2.7042195982004587,-2.821483223275198,-0.14904194257762504,-0.45616914241060486,-0.23528094242122558,-21.686185373241294,92.1714489498105,0.4790642960243235,0.44668368609502823
4h,NR7,TRAIL,HTF,4736,2769,-0.8073259647978613,-80.54005275863202,99.76150436186909,-0.8867451221919053,-86.47814328068758,-0.828875873498453,-82.87803144352146,99.9884712456601,-2.9366226810652525,-2.2678749295142238,-0.11196124007962285,-0.2947589251948623,-0.15490568594455592,-13.579378880811344,87.66223652804904,0.4326580561598543,0.5399175270780132
4h,BOX,TP1,none,3629,2200,-0.05190751551479164,-3.352646291749417,64.58884149047823,-0.5256276961866432,-26.6812030240169,-0.19040813690149352,-12.298240972827845,64.58884149047823,0.066505907354938,-0.42724895759670506,2.6177937192829686,1.9515750330002954,2.1479899759693035,90.89098558701974,42.31443656807765,0.3595788065505632,0.20524480975333279
4h,BOX,TP1,HTF,1970,1230,0.0907914878123719,3.1599964197348784,34.80498553196168,-0.17986938931905233,-6.559089874975377,-0.010071319604119618,-0.367259213438742,36.46584835700345,0.19441253983268317,-0.04726514059503989,3.063570366703515,2.7277477285162,2.640894478541611,102.47247827162394,38.802185814032455,0.30840105211827185,0.4517133179032663
4h,BOX,TP2,none,3198,1910,0.11606111385082024,7.87672418637424,67.86703939873115,-0.6251240688018993,-36.56079547733576,-0.15459577855776468,-10.491957794257335,67.86703939873115,0.5543941636955088,-0.6103335412007825,2.443277984221851,1.482500204659059,1.9765894101871466,91.52183630556483,46.302907338201,0.4255326038380911,0.25891294736293463
4h,BOX,TP2,HTF,1788,1085,0.20452943853172276,8.297485824304607,40.568662799207054,-0.4876641209338698,-19.21244615178772,-0.0568281557368666,-2.305442287589765,40.568662799207054,0.43669797270677746,-0.2530089141461507,2.8477736555001307,2.2341044227383633,2.4628779564234624,98.90694112171663,40.159091466045325,0.34732680951051864,0.5130985894090129
4h,BOX,TRAIL,none,2654,1596,-0.08453404637927482,-6.51430173567914,77.06127903131168,-0.6308902796598241,-46.80357472825892,-0.27147796769470833,-23.324902317173656,85.91821470906167,0.3628067154218514,-0.7762629310799701,1.6898043143606398,1.0581675339465773,1.4101949346760385,74.10771764648823,52.55139968540084,0.5650261167098906,0.36398899349049335
4h,BOX,TRAIL,HTF,1525,900,-0.04868957304402721,-2.9755962131933433,61.113623044151176,-0.6440499901131134,-37.8061803081038,-0.23493878852228933,-17.01923391899505,72.44114105653688,0.2456290910205061,-0.6485699660792985,2.0800914481891324,1.4523717919560648,1.8431173791396298,80.47697497960694,43.66351046897171,0.4407589596380479,0.611792129292071
4h,PIN,TP1,none,1907,1101,-0.4345331402373924,-33.41780622990639,76.90508073020553,-0.5980559522556524,-32.4694859658493,-0.37933990343197943,-33.08591570372813,87.21970824685694,-1.2782745351303415,-0.6646243338304716,1.7467283811577725,2.329793242408099,1.8887821429999,70.1725744778143,37.15228605791515,-0.06759498429144559,-0.002902371173599406
4h,PIN,TP1,HTF,955,501,-0.36769044419798513,-19.78674024821553,53.8135830300807,-0.4513380089651271,-10.034378900032781,-0.27006966667294885,-16.484718195746673,61.03876232686831,-0.6934414743712716,-0.17380911503207974,2.21029312576261,3.6692087159822186,2.4575205124611,88.6323376178459,36.06575699711433,0.03193126365349602,0.23541999648260375
4h,PIN,TP2,none,1815,1034,-0.43517255800741617,-34.634926012520125,79.58894782131432,-0.5942098044855137,-35.50042501447893,-0.39197110835150545,-34.940541110609125,89.14060339180845,-1.3085417136292008,-0.7251652918940372,1.5196283010672784,2.167976561046102,1.624020589377907,67.8464855406791,41.776862919372334,-0.0048634556111492025,0.021841947120372893
4h,PIN,TP2,HTF,934,488,-0.3722661529043398,-22.577676083797094,60.64928521610402,-0.47850188837929003,-13.55911517209173,-0.2896594099156505,-19.519484033673116,67.3877090316425,-0.788512203755927,-0.2307453299682793,1.9393421820882255,3.5351786865860206,2.1591226359908564,84.58117327471885,39.17386250545384,0.07515202250037606,0.33196954212970603
4h,PIN,TRAIL,none,1699,977,-0.283319550034611,-23.067818470908396,81.41979072072638,-0.46777800521951574,-30.752937577049266,-0.30668605155934314,-25.86246960727997,84.32880946421403,-0.63309272873703,-0.5330869435492468,1.6112109074739567,2.0723079179020436,1.6418860203672372,75.85553521023365,46.200244273513704,0.3323514525186243,0.2126459209106205
4h,PIN,TRAIL,HTF,916,475,-0.16201927744646,-10.857668104605212,67.01466810449872,-0.6058694587201735,-24.614106467439377,-0.2241145957006502,-15.959134728664349,71.20970715348214,-0.22566141201651252,-0.44464755799592615,2.037337609867209,2.640092986894929,2.036456954823097,86.31202192643535,42.38342564620184,0.2220724403402381,0.48664358037607164
4h,ENGULF,TP1,none,4226,2480,-0.5115542567823419,-43.799115121951424,85.61968655572589,-0.48940284911253806,-25.923870458808317,-0.41093685219941245,-38.068595932221825,92.6385543873017,-1.7820040854366597,-0.47992007235365686,1.3654496103644218,2.7507221213714543,1.6775681944668133,63.845334189991895,38.058264576412085,0.007293996361706163,0.032566546117700164
4h,ENGULF,TP1,HTF,2307,1408,-0.3732862151989563,-23.93049845279004,64.10764040679997,-0.24103159650763736,-8.656074583841866,-0.25034755139361287,-18.875699290927596,75.39797847373383,-0.8228110049608574,-0.11517543109118734,2.013879566707327,3.206720020991141,2.304832904361247,84.79025339579202,36.788026253595376,0.10029476256888677,0.39511124712910844
4h,ENGULF,TP2,none,3731,2149,-0.48754951352371906,-42.469231097457275,87.10752430151109,-0.3820998830686605,-20.314195839375305,-0.38775782279260834,-35.48760762532635,91.52003013052514,-1.6522011837678547,-0.3114648425129298,1.2764317162833345,3.00319971066623,1.5857668381729288,66.88957266150251,42.1812154544552,0.10208448628666135,0.07000793889824708
4h,ENGULF,TP2,HTF,2144,1314,-0.3723865192822043,-25.682170032274577,68.9664332687939,-0.39686133113168415,-18.91807588582567,-0.2910382483530933,-23.37085827438844,80.3016730846815,-0.8300150676822187,-0.2688644611614206,1.8712472163335094,2.7421936222061283,2.0597991464998917,78.56723029274787,38.14315120299619,0.15354236774197114,0.4652984091068528
4h,ENGULF,TRAIL,none,3175,1862,-0.43932595055114715,-40.16372284743609,91.42123928042388,-0.5856332659108754,-46.484374027444076,-0.43744386877761837,-42.46684640154809,97.07953278718095,-1.2750617603467176,-0.821011271922085,0.9841526953004561,1.1404879424835896,0.9874786123184763,52.79188091326148,53.461290457028475,0.46010433167660725,0.31159783386234874
4h,ENGULF,TRAIL,HTF,1990,1214,-0.3259302192575201,-25.876069087992548,79.39143890044653,-0.5604027512123236,-37.36807851404341,-0.33777088471386263,-30.138919186156432,89.2288842825756,-0.5946896642352255,-0.5708743474144762,1.4167008940753267,1.4003276097586148,1.3990436557411807,66.58979120620707,47.596649992261575,0.3490514992921892,0.6184974109800923
4h,DOUBLE,TP1,none,1865,1052,0.11593667303909978,3.2967758256228885,28.4360050983268,-0.5051194359828289,-13.490770550157771,-0.10366009865164953,-2.9476790937513653,28.4360050983268,0.14387778669128104,-0.22946839540540692,2.980073178032564,3.2595226455846618,2.953771003249925,102.48968395182433,34.69791119184891,0.2518262814315546,0.14048067192060315
4h,DOUBLE,TP1,HTF,1038,626,0.7311405518096143,8.181028342623353,11.189405815851472,-0.4422131608231092,-8.274116052611635,0.10058541603769112,2.0837413447325925,20.716137853938765,0.28023755666085853,-0.13369639277054363,3.3711356903192033,3.467084958206346,3.3616767871875646,106.79624541225073,31.76874285454381,0.21966053115171452,0.4731961230821045
4h,DOUBLE,TP2,none,1768,998,0.348312508074408,10.034668724174756,28.80938379057897,-0.5477805287601647,-19.610367272974827,-0.04013080512600469,-1.4633706537653168,36.465021052295185,0.37590272836757244,-0.3422507851532216,2.8034410180537184,2.8285061986378777,2.651483785378687,102.98705971271565,38.84129342243251,0.32840908869546803,0.21017548677690462
4h,DOUBLE,TP2,HTF,989,603,0.7930105959021098,12.659692381803112,15.964089820769356,-0.5606133610948135,-13.867897625482906,0.0822966825649466,2.511395380554138,30.51636229166593,0.4319817022426443,-0.23505912145542207,3.1859232252692142,3.0977852832710755,3.0683903357211078,106.18552418349108,34.606263403751804,0.2711646066072247,0.5329879075554149
4h,DOUBLE,TRAIL,none,1325,780,0.06481070858305578,2.4564315568217587,37.90163092683687,-0.4627364875055987,-18.29911715594683,-0.113886008683963,-5.382009101719021,47.25786041597308,0.19452134286841116,-0.26629631968216755,2.4059672097015867,2.493638192877842,2.3368369619922547,96.57473503901053,41.327117214320495,0.45024385508416104,0.32734220912901035
4h,DOUBLE,TRAIL,HTF,809,507,0.17844428737649415,4.42530108015986,24.799342950234394,-0.5518769954680088,-19.582695213762,-0.1125806849927397,-4.73883897272549,42.09282412015077,0.2314738076133752,-0.32798993472793425,2.7755983942735662,2.579248746385042,2.665805531973864,97.00886100662889,36.390074160735885,0.32083130988804354,0.6125120253781954
4h,SFP,TP1,none,1465,945,-0.3496360783468513,-19.793816347211113,56.61262544986834,-0.2214589086079721,-6.719174717594001,-0.25564891979484805,-15.420211194573652,60.31792040016437,-0.6882034657272593,-0.10518787914848728,2.347941900357348,4.24337905775692,2.6411930706171702,91.3354200238317,34.58112208453177,-0.10112584274391687,-0.048143164092322985
4h,SFP,TP1,HTF,699,463,-0.2864456357232933,-11.170702779418995,38.99763650164285,0.5812886664793165,8.547406734845687,-0.11778870762356775,-4.6838204674643835,39.7645968103586,-0.3714999969345334,0.15326666431155553,2.6905561353269274,4.9979408361813755,3.0608771043926897,101.65393839016632,33.21072193466439,-0.007475191895552922,0.2450449989897478
4h,SFP,TP2,none,1407,902,-0.22073055434054928,-10.155170487802678,46.007090038540824,-0.4741328755824914,-18.840520545916085,-0.23996687638607933,-13.309976144684688,55.46588906408255,-0.298667420178796,-0.3367751058492221,2.4776962105558646,3.3968996847990764,2.523767287248516,93.71740074550605,37.133931174644665,-0.026088500402489275,-0.025125686791652765
4h,SFP,TP2,HTF,687,452,-0.2514071999636779,-11.33760639405118,45.09658591993063,0.20947628712041563,4.338794774861676,-0.13558460616774534,-6.114402841463685,45.09658591993063,-0.3647003586784961,0.09569214286174067,2.472497913258882,4.567726209546528,2.7726870592910107,99.4732721474743,35.87612666714364,0.06224958985921456,0.33872216511638453
4h,SFP,TRAIL,none,1313,847,-0.3189923012412411,-23.677481405026246,74.22587100972044,-0.6593270515683922,-48.18358753265266,-0.3790378532796923,-33.39287122107929,88.09904058959162,-0.7341072174003943,-1.1017481433534866,1.7429787775222978,1.5987733967082594,1.5792147383537902,67.88132485425086,42.984227037427424,0.23070558847521896,0.15078748303872308
4h,SFP,TRAIL,HTF,676,435,-0.2898734754600875,-15.682751905231795,54.102059115067746,-0.5377891215004078,-19.940766532050347,-0.2627747618403968,-17.205033766853074,65.47445289781294,-0.4872300292822578,-0.35251814645179724,2.0970499111357315,2.9956531478583965,2.1803371743357305,85.82591131854676,39.36359583682042,0.193035761770295,0.4520290412890043
4h,FAKEY,TP1,none,4397,2186,-0.5076069039059415,-42.930906914148395,84.5751044436216,-0.7149947107383117,-53.97980663691484,-0.49090160696155377,-47.08921970815874,95.92394695877753,-1.7143258394717196,-1.3180186003197187,1.0250842216050366,1.343757286074556,1.0025035083438525,51.623995033141455,51.495076679008235,0.004909642480984476,0.018247550557239128
4h,FAKEY,TP1,HTF,2280,1127,-0.35195337673996246,-19.380342589511834,55.06508495251865,-0.6125024590018278,-33.4045329694391,-0.32361740717318316,-24.61925275704302,76.07518078861585,-0.6361180109553906,-0.6884110125919504,2.0236255209268563,2.242769829992611,2.003521675900127,78.52858973184733,39.195278332372716,0.10384086005041473,0.31390276959055063
4h,FAKEY,TP2,none,4054,2029,-0.4765965799324692,-39.31957624018514,82.5007519897782,-0.7280066283984074,-57.10435431196259,-0.4824001220743678,-46.28606345047722,95.94952681902859,-1.4149810554728046,-1.4031299855131614,1.2839911096091996,1.174881580394998,1.1791987287190462,52.43872837915375,44.46979724623474,0.11517747904892105,0.0829145187754272
4h,FAKEY,TP2,HTF,2192,1080,-0.2906267946450554,-17.846741417679713,61.40776331196876,-0.6471870221601211,-38.188028612633396,-0.3200210882142858,-25.6663766971031,80.20214180359551,-0.4973276040656302,-0.7891999716960862,2.1071659009434534,2.0132067551005886,2.013227648824049,76.10621475299028,37.803084413948355,0.17524469939236031,0.41073039132176314
4h,FAKEY,TRAIL,none,3437,1811,-0.4604279651689462,-41.94424299241576,91.09838273403969,-0.80586463367741,-74.96651489026567,-0.573624969454939,-56.80816021425314,99.03362517191766,-1.0231791733547955,-2.208850101048637,0.9452260348975737,0.1263986923225136,0.6178793306371237,33.07307870477436,53.52676010487548,0.43496718915116744,0.32666522918927093
4h,FAKEY,TRAIL,HTF,1998,1017,-0.05039939585949574,-3.856135600402133,76.511544129464,-0.6846006045082341,-53.35253492634862,-0.2865502727440948,-25.44272855250962,88.78975514091164,0.45710938900770265,-1.182870391866987,1.978174757839511,1.0377416009345721,1.591170544644828,72.23817460516942,45.39939156634778,0.36687710894154413,0.5821888503892584
4h,TRAP,TP1,none,4705,2781,-0.5351017396275428,-46.90392917726125,87.65422667081721,0.015152083112272662,0.6741016713506465,-0.3802903832669871,-33.510502855054234,88.11819685571122,-1.8574513587156791,0.13104004701601357,1.194242503547925,5.506266159036739,1.7308737433398216,76.93072930873517,44.44618193831565,-0.36259554079685785,-0.1948872326943576
4h,TRAP,TP1,HTF,1746,1039,-0.36953200746489107,-23.088424502368255,62.48017502127164,1.2981641213969086,22.0312088934276,-0.1487164628579672,-9.535575433152498,64.11916508705242,-0.7873552333311172,0.3858180026130881,1.9709617509883035,5.995531019261644,2.49647953745207,97.67106174022229,39.12351784781952,-0.16526957663349215,0.250951006694188
4h,TRAP,TP2,none,4362,2577,-0.5727774612890596,-52.66693201261573,91.95007759922433,0.14881344815271277,9.156228421518176,-0.39699173292617035,-36.503420648811904,91.95007759922433,-2.091684860901587,0.3847841569990932,1.1798140121642862,6.247608865804354,1.910724776454791,76.10186407145613,39.828794292738245,-0.3125755564352308,-0.17913227487233255
4h,TRAP,TP2,HTF,1736,1028,-0.343026079792104,-23.229401939599747,67.7190549292295,1.4130322118183292,34.07955513508634,-0.09583964206013817,-6.601865856792011,68.88450034745979,-0.7334353679910317,0.6059830326997786,1.9987322913313514,5.573576331992234,2.6147090524752135,100.73314158543765,38.525564245887566,-0.11652008870549557,0.3466906650601668
4h,TRAP,TRAIL,none,3266,1804,-0.4251976495161835,-32.66056702647575,76.81267068065637,-0.3513943794520008,-22.43946194428298,-0.33917324074697014,-29.230374295167127,86.18125130034522,-0.9874694663721857,-0.21751494238579056,1.6942728850482076,2.7708145772019477,1.9293401811627697,76.50909505001273,39.655575412264746,0.09859694931895938,0.11567757475202609
4h,TRAP,TRAIL,HTF,1675,991,-0.0221774697079244,-1.4589455011949082,65.78502960027046,0.13983381978143583,5.206314070647511,0.012691642719141532,0.8349200919547828,65.78502960027046,0.2946116723833926,0.27795568972427476,2.081302917223695,4.180556625188224,2.2562519254650075,103.50524048497935,45.87485968068358,0.15061848143557433,0.6190810115239483
4h,WEDGE,TP1,none,1652,931,-0.2296221271575666,-9.494485756514326,41.348305035077104,-0.20958523257793749,-6.30807578835586,-0.20283122561836198,-8.386727387506577,41.348305035077104,-0.27907744208177954,-0.08606128681597905,2.8441637202545054,4.077072864525549,3.047198442822841,99.53352533842627,32.663945983846446,-0.06284857716995251,-0.07377053007036184
4h,WEDGE,TP1,HTF,597,370,0.05952041320224411,0.8161091562309597,13.711416173437952,-0.1893091585551661,-2.1949917889850235,-0.018450404968721107,-0.25298118109460255,13.711416173437952,0.04045308621402509,-0.031121922663897038,3.3108890959005244,4.071549707742018,3.460575353603566,105.84479847032848,30.58589617478209,0.04570913482090201,0.3597080539046413
4h,WEDGE,TP2,none,1531,854,-0.06881012885312673,-2.559859304806489,37.201780427855844,-0.05736437942725116,-1.6023232057457149,-0.05978928251221443,-2.2242677599584426,37.201780427855844,-0.013573995753570434,0.025828800238283045,2.9462940176728947,4.518174551384592,3.1169513891198983,106.0716584591578,34.030578349541784,0.017356319586744738,-0.03701193608410412
4h,WEDGE,TP2,HTF,571,349,0.10570255472468497,1.669826782538264,15.79741177389259,0.07625565602041755,0.8858980307005382,0.08821158789326305,1.3935147771787948,15.79741177389259,0.07833997760601047,0.030086154551019893,3.2152042814675377,4.214053572352354,3.3814123784768744,107.04682458650564,31.657429678755676,0.09359310109094095,0.3948565915945191
4h,WEDGE,TRAIL,none,1231,701,0.16606356062454555,5.92692809243458,35.69072028893093,-0.4073357781713438,-13.426873708865683,-0.03250591187500368,-1.326832394814692,40.818187162901786,0.2951766240722352,-0.164838618563668,2.9313125096052626,3.329973328880606,2.873436910105081,103.68666262612285,36.08454470028056,0.3077279756165437,0.14516218197984934
4h,WEDGE,TRAIL,HTF,522,319,-0.06023827943236583,-1.4132192277038547,23.460484612456188,-0.09450397934305242,-1.5816191156151627,-0.06276338617005411,-1.4724594554682002,23.460484612456188,0.0025549505341695006,0.008149723567184394,2.89933115561447,3.7525652944828405,3.0502399578418036,102.35881881498617,33.557628327513655,0.21420260080973583,0.5373427947649057
4h,CHOCH,TP1,none,1927,1151,0.23534551712826463,6.5217705710324925,27.711471417057375,0.40691863174892645,8.697593022547911,0.2627703890184107,7.2817541245327355,27.711471417057375,0.24201909816045555,0.17095960181894013,3.9451285509683323,4.206725996018516,3.79402026801874,113.52312083753785,29.921590507691278,0.1808796645330165,0.10204080508815568
4h,CHOCH,TP1,HTF,1006,650,0.20483908609280602,4.7397114582344635,23.138706331110328,0.24661384436306572,5.4119088951466665,0.18772820192800843,4.975558110032985,26.50405244887528,0.17745758201035253,0.11114062445625944,3.839770675128793,4.0984517566300696,3.7148328950460447,109.91997317088465,29.589479870674563,0.1518810538176403,0.49893728200419735
4h,CHOCH,TP2,none,1856,1103,0.253331367917678,8.005622906233235,31.60138822143306,0.29632561774392424,7.7469801957671836,0.2504515447074627,7.914616494958127,31.60138822143306,0.3059646849453083,0.1689010770724459,3.64963532962332,4.11308933658638,3.7612997861905426,113.01002605611718,30.045471640157174,0.29951744121106333,0.16402455745307343
4h,CHOCH,TP2,HTF,999,646,0.35954807796225297,8.20028432512303,22.807198335194368,-0.13542409666238867,-3.891050243609595,0.11596331278134649,3.7848752844097167,32.63855777858168,0.30291522365455775,-0.039803264092525825,3.586806422657624,3.549930839987852,3.4627512692273066,107.8153539128378,31.135748868527934,0.2069813873502548,0.5327380243511796
4h,CHOCH,TRAIL,none,1260,728,-0.06436589106236008,-2.5107616197151184,39.00764175365177,-0.2144513670904866,-6.664849637922776,-0.08224048637350995,-3.991952676770405,48.539993533601375,-0.008618860976870799,-0.06258958062362481,2.724443827341243,2.957751596572487,2.772036881874457,98.77939350149103,35.634227721637025,0.4396875746426054,0.3178263490048254
4h,CHOCH,TRAIL,HTF,804,494,0.10909287072114979,3.149675340636615,28.871504799680636,-0.0029833978049344056,-0.09726746952891663,0.06009860958966016,1.9962325661822877,33.21595257880534,0.19448435158354244,0.055827802671180204,2.728448745061145,3.2136925195197996,2.840690276195776,103.64021450785414,36.484165618593266,0.29679977037437283,0.6744569817491272
4h,KEYREV,TP1,none,1160,871,-0.04793768982190875,-1.5728491264747069,32.810282104079924,-0.006245363801698572,-0.1406142971107638,-0.03266198874358096,-1.0716490647571741,32.810282104079924,-0.023806214025495404,0.036164617216368156,3.733769654033894,4.709812698805749,3.9758749630499146,106.8952838215286,26.88597725405546,-0.06186566181583104,-0.006715611070370393
4h,KEYREV,TP1,HTF,531,369,-0.10585768142440805,-2.4006375241053535,22.67797189398698,1.1000377570738016,10.087278385329412,0.06868197820687577,1.8196454721566724,26.493783662953774,-0.06662783279856466,0.17992172234741732,3.124499982712909,4.955200574311574,3.4404596736016355,108.45465714532669,31.523304277475006,-0.0053448583249176874,0.2252122102826353
4h,KEYREV,TP2,none,1104,828,-0.016626323191792452,-0.6418697757858638,38.60563567672746,0.748038911093375,16.551667166625926,0.13192363531203222,5.092995802005773,38.60563567672746,0.026363603928600404,0.32899958615152725,3.804163395399489,5.708088652892838,4.252159034747984,113.0654684607518,26.590131633553295,0.0067006070185517495,0.030056207036403153
4h,KEYREV,TP2,HTF,523,363,-0.1005142847107824,-2.5731136370372054,25.599482147647233,1.7012829204268678,20.33344357725555,0.1706207268025566,4.935419520471518,28.926260091382783,-0.05859429621029266,0.34672598107278774,3.2658253648044027,5.450614522591906,3.70251704280503,111.11643722226785,30.011053544830123,0.02938374884285722,0.3174480069869635
4h,KEYREV,TRAIL,none,1024,730,-0.008723327430160025,-0.368847001665773,42.28283354245327,0.14740938732537975,6.52052022347982,0.04523759649413312,2.001043950820547,44.23409079834874,0.08026023701652238,0.21435470589397615,3.314988558092658,4.343642974996376,3.559844846695328,106.92168707208154,30.03549078026223,0.2695438810113622,0.19724809317114728
4h,KEYREV,TRAIL,HTF,511,356,-0.017911121435687967,-0.4523941573220558,25.257723752609873,1.1646967053761779,15.563523765859898,0.17926198812151176,4.908385097217871,27.38107029076766,0.04625205013168791,0.3047563863663722,2.95266566531821,4.976110484089648,3.2693304354182797,109.10299260452985,33.37166271801802,0.18037617614881868,0.4620992343675094
4h,CLIMAX,TP1,none,171,118,0.0831728394953559,0.7445861612123572,8.952275354912375,-0.20265117205753572,-2.2612605780933492,-0.02891346715694112,-0.322627709448553,11.158388846876887,0.027496870039581366,-0.034865486915825916,3.4109377401651413,4.363510979044343,3.5755452538795605,107.36936762657598,30.028809594865958,-0.22771977517673603,-0.15373710118418582
4h,CLIMAX,TP1,HTF,21,23,0.8914292751168117,1.0354880373605102,1.1616042531526927,0.2627946594264829,0.3029110333427676,0.6691734635776848,0.7773147413887571,1.1616042531526927,0.03359829950480353,0.005516652046922898,3.3277507924118868,4.4777439811295014,3.5075618119349263,107.71445092905046,30.709209617500765,-0.09797202012975946,0.06878463169532748
4h,CLIMAX,TP2,none,171,117,0.010973399643812595,0.1152016057085481,10.498260288324147,-0.24959704095326374,-3.184621282519895,-0.0828905091479617,-1.0576042029317834,12.759050629595393,0.009848098034382365,-0.04827776306803511,3.321571419299901,4.1711944020142395,3.478723363267641,106.82211698071514,30.707275579503047,-0.20710792622767213,-0.15168692992120686
4h,CLIMAX,TP2,HTF,21,23,0.4491393183288495,1.091876301073369,2.43104145309746,-0.26296867758337,-0.6919418653458465,0.16627407639749295,0.46108383783742823,2.7730350264292936,0.03563127837501396,-0.011801749813352948,3.3022710170798604,4.319729165601021,3.4674901387447354,107.3725254158783,30.96548832717032,-0.08004795706928486,0.1096720798193378
4h,CLIMAX,TRAIL,none,163,107,0.09828012065070642,0.8744381348466446,8.897405996828711,-0.32811943305954366,-5.77601820353898,-0.07130382526432265,-1.5156549314721768,21.256292013137546,0.03913666249356297,-0.09194336228532696,3.3941686572422918,4.074844245133322,3.512512637824693,106.35785739302443,30.279708106300816,-0.07203418599645865,-0.2124727042977062
4h,CLIMAX,TRAIL,HTF,21,23,0.6804867365804416,1.5840357441180508,2.327798117092028,-0.4204342525546593,-1.52599722368012,0.13212165806891832,0.47954533241787445,3.629573980730172,0.051558438317263054,-0.02640087139641065,3.31715918743282,4.26617791551659,3.4677292796538914,107.25033042190368,30.928115136083566,0.037585447780073895,0.2121058198141085
