uni,coin,base,D,base_cal,D_cal,better
MAIN10,AAVE,29.146218961366316,34.39409525170001,0.728335912312854,1.4560645237161447,True
MAIN10,UNI,28.761263090956753,16.977406249435447,0.7365621571609501,0.5679500976643599,False
MAIN10,AVAX,27.027576068103077,16.859066232386127,1.0679011995662395,0.5437381942293383,False
MAIN10,KSM,25.38954036340598,19.585340487750834,0.9716277256072963,0.597242709124403,False
MAIN10,EGLD,24.781940655696626,17.243374446490268,0.8831670816344533,0.45921708712296005,False
MAIN10,DOT,23.794674495967328,17.00963612601982,0.7381614912584192,0.5756817308900084,False
MAIN10,DOGE,23.56731135400362,23.76515020695408,0.439064681232591,0.5694380205223304,True
MAIN10,ONE,23.013969346292058,25.461154593388724,0.710412493829288,1.207223664612434,True
MAIN10,TRX,22.590203482833317,22.030795938580912,0.4791711318522082,0.550952661233715,True
MAIN10,SUSHI,16.35150354059776,26.60488670543962,0.28404804810980117,0.6380142614635509,True
OTHER20,ATOM,2.6438909799975527,10.83185908477488,0.03125608950193325,0.2400304339667084,True
OTHER20,FIL,6.093830986765995,4.411579783466021,0.15357125658976922,0.10583206105141486,False
OTHER20,LTC,7.160470746106748,1.5240141023547897,0.14005058292390818,0.013373630352834962,False
OTHER20,AXS,14.959391696123175,10.04753862098426,0.3932114176662237,0.35997817334168764,False
OTHER20,LINK,6.975096527120436,6.862733534100461,0.09962230036033166,0.11119294858732995,True
OTHER20,XTZ,8.015499493515662,-0.29863009569298415,0.21077908359267175,-0.02467554794631569,False
OTHER20,ALGO,13.471860764976787,14.481180874028551,0.30755087954176463,0.401893003688845,True
OTHER20,ETC,5.8350415392955854,1.461331078101999,0.14214366712481394,0.01423593782238858,False
OTHER20,NEAR,6.972906553840587,11.609719328765381,0.13745476984708374,0.45513913905769204,True
OTHER20,CELR,1.4229892364005532,5.255022832213862,0.021411710663041966,0.15004425105303854,True
OTHER20,BCH,5.447329259874309,3.4309542470201295,0.07797852463705493,0.05050258461003164,False
OTHER20,ALICE,5.80768692097526,11.56913234012869,0.10122013399906453,0.24949020710012046,True
OTHER20,C98,4.809896133101166,14.271296262358668,0.09440499351392745,0.5257446310238743,True
OTHER20,1000SHIB,5.127996383463142,7.275044835249085,0.12943857115655782,0.2541250351422979,True
OTHER20,THETA,11.163759025873416,6.812227857702381,0.3686627606473467,0.1699429787385142,False
OTHER20,IOST,4.871582771552332,14.065800231045717,0.09522821246625872,0.4447255480251201,True
OTHER20,CVC,3.5088357632391847,0.6652813288085736,0.07406155603408335,0.006608598281543847,False
OTHER20,CRV,2.1680947605027963,3.678315654309035,0.03479620930610436,0.09218254199078842,True
OTHER20,IOTA,12.088912335212534,16.67989442240067,0.20465557968264536,0.45738126570849036,True
OTHER20,VET,-0.07579072205454937,7.203108458697935,-0.012442925380227988,0.20275848081082246,True
BOT5,BTC,9.337671980624604,6.298490600302471,0.1563448018258502,0.08650290726337388,False
BOT5,ETH,23.034535203855583,22.560240000921947,0.6837139178030917,0.7451705078710995,True
BOT5,SOL,26.270061466911354,10.964766361504392,0.6585730252097266,0.28996342714300677,False
BOT5,XRP,-3.1920016266739917,-0.8395916608130376,-0.06203326524546799,-0.02578860074789662,True
BOT5,ADA,17.56181301222135,18.958710870493206,0.359226597184672,0.4540569857210336,True
