id,score,sym,side,R,entry,loss
c830,5.0,ADAUSDT,1,1.8768783825448263,1746691203000,False
c869,5.0,BTCUSDT,1,11.248632526641146,1787068803000,False
c497,3.0,SOLUSDT,-1,-1.005238786831463,1772222403000,True
c200,3.0,BTCUSDT,-1,1.2087831891838945,1782201603000,False
c135,6.0,ADAUSDT,-1,2.309201835284593,1760112003000,False
c756,5.0,ETHUSDT,1,-0.7422146327160573,1772640003000,True
c494,6.0,ADAUSDT,-1,-0.9971672559828251,1736769603000,True
c422,6.0,BTCUSDT,1,-0.9913749979839286,1767628803000,True
c904,6.0,ETHUSDT,1,-0.73586226377856,1776830403000,True
c987,3.0,ETHUSDT,-1,-0.46354017884276466,1778169603000,True
c354,3.0,ETHUSDT,1,-0.9934368738955096,1775030403000,True
c738,4.0,ETHUSDT,-1,0.7816499707164914,1743148803000,False
c592,5.0,ADAUSDT,-1,0.6818861794407813,1769846403000,False
c663,4.0,BTCUSDT,-1,-0.9940017317434159,1750608003000,True
c685,3.0,SOLUSDT,-1,-0.3493959518277992,1761840003000,True
c929,6.0,ADAUSDT,-1,-0.07867277921999993,1738857603000,True
c759,4.0,XRPUSDT,-1,-0.6182044175950946,1784908803000,True
c180,4.0,ETHUSDT,1,0.046914569264386974,1789416003000,False
c481,6.0,ADAUSDT,1,-0.9953997376178949,1745827203000,True
c968,4.0,ETHUSDT,1,-0.5853896362182756,1789142403000,True
c282,3.0,SOLUSDT,1,-0.9984123838335247,1772337603000,True
c348,4.0,ADAUSDT,1,-0.6922343993989871,1751486403000,True
c526,6.0,ETHUSDT,1,0.04570077669543843,1784044803000,False
c109,4.0,ADAUSDT,-1,-0.6031368531883647,1790971203000,True
c371,6.0,XRPUSDT,1,-0.9114127064553931,1778054403000,True
c787,6.0,ADAUSDT,-1,0.3098333931423784,1743638403000,False
c705,6.0,ETHUSDT,-1,6.928871661972603,1769702403000,False
c599,5.0,ETHUSDT,1,-0.6125724077710072,1787572803000,True
c505,4.0,ADAUSDT,1,2.0620020605176967,1789704003000,False
c459,7.0,SOLUSDT,1,-0.9400676992968582,1747166403000,True
c686,6.0,ADAUSDT,1,1.030723382702389,1735819203000,False
c165,4.0,BTCUSDT,-1,0.0581025082068322,1743969603000,False
c362,5.0,BTCUSDT,-1,-0.46562962106324196,1755619203000,True
c901,4.0,ADAUSDT,1,2.1677510892767478,1785427203000,False
c288,5.0,XRPUSDT,1,-0.707972277291292,1751486403000,True
c188,3.0,XRPUSDT,-1,0.05363896050030157,1772193603000,False
c518,6.0,SOLUSDT,-1,-0.4994209033318844,1775102403000,True
c515,6.0,ADAUSDT,1,-0.5191427936730186,1790337603000,True
c914,4.0,SOLUSDT,1,6.333200829615498,1787155203000,False
c265,7.0,ADAUSDT,1,1.7847608018532224,1752696003000,False
c139,4.0,BTCUSDT,-1,-0.5597200927379256,1773936003000,True
c210,5.0,ETHUSDT,-1,0.07065194220337712,1750550403000,False
c215,5.0,XRPUSDT,-1,0.07639987641208587,1740441603000,False
c460,5.0,BTCUSDT,-1,-0.9964047892702502,1741060803000,True
c523,5.0,BTCUSDT,1,0.10866782668379528,1745366403000,False
c918,6.0,BTCUSDT,1,0.7213366913327892,1768320003000,False
c763,5.0,BTCUSDT,1,2.5965374574630347,1759320003000,False
c794,3.0,ADAUSDT,-1,-0.18078259699404287,1768795203000,True
c788,4.0,SOLUSDT,1,0.6435728017177118,1755878403000,False
c171,5.0,SOLUSDT,1,0.6228217346995057,1737115203000,False
c410,5.0,XRPUSDT,1,-0.9498722435086774,1784649603000,True
c305,3.0,XRPUSDT,-1,0.3883535464756631,1741406403000,False
c382,4.0,XRPUSDT,-1,0.18831059148739968,1762142403000,False
c551,5.0,SOLUSDT,-1,-0.5012016115017379,1749787203000,True
c647,4.0,ETHUSDT,-1,-0.80401248436101,1761840003000,True
c890,4.0,ADAUSDT,-1,-0.8609756731558762,1776643203000,True
c995,6.0,XRPUSDT,-1,-0.9985501186015042,1766088003000,True
c733,5.0,SOLUSDT,-1,-0.6654692186586958,1766001603000,True
c355,3.0,ETHUSDT,-1,-0.675343204105961,1756483203000,True
c984,6.0,XRPUSDT,-1,-0.9948936168324324,1743638403000,True
c568,6.0,XRPUSDT,1,0.053263240169875437,1773676803000,False
c697,7.0,XRPUSDT,1,-0.884720118456747,1790337603000,True
c137,4.0,SOLUSDT,-1,0.06706431188892717,1736308803000,False
c805,4.0,ETHUSDT,-1,0.07204269725084254,1762243203000,False
c726,5.0,ADAUSDT,1,-0.9934209997647822,1765296003000,True
c456,4.0,ETHUSDT,-1,-0.9896944653106766,1778688003000,True
c675,3.0,XRPUSDT,-1,4.037494714478717,1759852803000,False
c532,6.0,ETHUSDT,1,8.640786707267727,1746676803000,False
c411,4.0,SOLUSDT,-1,0.12682112930935646,1779825603000,False
c315,5.0,ETHUSDT,1,4.0032820553939015,1754611203000,False
c259,6.0,ETHUSDT,-1,-0.8475574843154472,1741032003000,True
c867,3.0,SOLUSDT,-1,-0.4334610611907406,1743638403000,True
c480,3.0,BTCUSDT,-1,0.05889233862729154,1736337603000,False
c979,6.0,ADAUSDT,-1,0.06346451035376348,1769702403000,False
c601,3.0,XRPUSDT,1,15.302085199113298,1787155203000,False
c821,7.0,SOLUSDT,1,0.044091057352198336,1767484803000,False
c563,4.0,XRPUSDT,1,0.5904274844964408,1735761603000,False
c894,7.0,SOLUSDT,1,-0.9959878199782195,1757822403000,True
c977,5.0,XRPUSDT,-1,0.031053807276351268,1785988803000,False
c770,4.0,SOLUSDT,-1,0.8563980159572853,1778860803000,False
