coin,group,net_pct,train_pct,valid_pct,calmar,dd
AAVEUSDT,HOLD2,29.146218961366316,13.905330699681986,15.240888261684324,0.728335912312854,7.9602898886809275
UNIUSDT,HOLD10,28.761263090956753,16.42582437019598,12.335438720760772,0.7365621571609501,7.7550426418186325
AVAXUSDT,NEW10,27.027576068103077,11.716280386583195,15.31129568151988,1.0679011995662395,5.021116245854252
KSMUSDT,HOLD2,25.38954036340598,20.72458505217118,4.664955311234806,0.9716277256072963,5.143040668817111
EGLDUSDT,HOLD2,24.781940655696626,20.332618770233978,4.449321885462646,0.8831670816344533,5.599133372746589
DOTUSDT,NEW10,23.794674495967328,14.062657293998454,9.73201720196887,0.7381614912584192,6.3810116297292385
DOGEUSDT,NEW10,23.56731135400362,14.516711856789339,9.050599497214279,0.439064681232591,10.438805481359548
ONEUSDT,HOLD2,23.013969346292058,13.97971738915637,9.034251957135684,0.710412493829288,6.374016451018017
TRXUSDT,HOLD10,22.590203482833317,22.844388011021167,-0.25418452818785475,0.4791711318522082,9.04141400976095
SUSHIUSDT,HOLD10,16.35150354059776,11.629200330138072,4.722303210459685,0.28404804810980117,10.837445534457324
AXSUSDT,NEW10,14.959391696123175,8.232640266690474,6.726751429432704,0.3932114176662237,7.31288034898826
ALGOUSDT,NEW10,13.471860764976787,3.405672443233537,10.066188321743248,0.30755087954176463,8.389450229885732
IOTAUSDT,HOLD2,12.088912335212534,6.754104172435281,5.334808162777253,0.20465557968264536,11.095884242099386
THETAUSDT,HOLD2,11.163759025873416,5.813806802906076,5.349952222967345,0.3686627606473467,5.7193349304629715
XTZUSDT,NEW10,8.015499493515662,4.452399756782613,3.5630997367330512,0.21077908359267175,7.019542388967626
LTCUSDT,NEW10,7.160470746106748,7.322141289428294,-0.16167054332154457,0.14005058292390818,9.126159079845431
LINKUSDT,NEW10,6.975096527120436,3.2533788840155995,3.7217176431048333,0.09962230036033166,12.09355090416584
NEARUSDT,HOLD10,6.972906553840587,8.108289440403306,-1.1353828865627174,0.13745476984708374,9.238156927031604
FILUSDT,NEW10,6.093830986765995,6.546798564572695,-0.45296757780670094,0.15357125658976922,6.945641034731587
ETCUSDT,HOLD10,5.8350415392955854,2.43727100102999,3.3977705382655947,0.14214366712481394,7.203058180425681
ALICEUSDT,HOLD10,5.80768692097526,11.043446552827197,-5.235759631851931,0.10122013399906453,10.08885307984604
BCHUSDT,HOLD10,5.447329259874309,7.951035568056753,-2.5037063081824487,0.07797852463705493,11.600134417074559
1000SHIBUSDT,HOLD10,5.127996383463142,4.770432003116021,0.3575643803471185,0.12943857115655782,6.824987993003074
IOSTUSDT,HOLD2,4.871582771552332,3.1447151922286976,1.7268675793236345,0.09522821246625872,8.665044158506241
C98USDT,HOLD10,4.809896133101166,4.006528939335342,0.8033671937658218,0.09440499351392745,8.764915445814836
CVCUSDT,HOLD2,3.5088357632391847,1.1575478088991564,2.3512879543400285,0.07406155603408335,8.419340839380428
ATOMUSDT,NEW10,2.6438909799975527,8.492011731612772,-5.848120751615217,0.03125608950193325,12.133379941196598
CRVUSDT,HOLD2,2.1680947605027963,-1.2977299941043388,3.4658247546071315,0.03479620930610436,8.215247038849927
CELRUSDT,HOLD10,1.4229892364005532,1.6043090920584937,-0.181319855657942,0.021411710663041966,7.535065571379384
VETUSDT,HOLD2,-0.07579072205454937,-6.611040771741374,6.535250049686827,-0.012442925380227988,12.093950805174591
