coin,side,move,days,WITH,AGAINST,FLAT:trend_filter_against,FLAT:weekend_blocked,FLAT:no_signal
AAVE,DOWN,-47.304455204237485,69,64.96121347163279,0.0,21.116158296022547,3.065173043561779,7.675982520165004
AAVE,UP,71.09028120374938,14,0.0,32.28386921246303,58.528683315761334,0.0,6.042175504909176
AAVE,DOWN,-47.95271049596309,31,70.79237620435582,8.521563207642597,30.13363318371566,-4.266310290141429,-10.82413992768535
AAVE,UP,30.13157894736842,13,0.0,83.95546513595943,-0.8841574280356876,0.0,0.0
AAVE,DOWN,-38.48118780267149,32,96.63955797982489,0.0,0.0,3.813153390649343,-5.420241456787276
AAVE,UP,111.66089965397927,19,0.0,27.019505506279195,13.070540215557253,0.0,60.29428897379567
AAVE,DOWN,-68.4894556154978,41,43.6187534669376,0.14848793416929468,42.267900322358955,0.0,6.159036702455832
AAVE,UP,52.15304798962388,18,0.0,82.02190104169782,-3.130442263003054,0.0,0.0
AAVE,DOWN,-57.72738896939732,19,95.05593172496994,0.0,0.0,0.0,11.910513748083375
AAVE,UP,131.07481347045774,55,41.33574047799019,57.221443145179954,10.422750321850728,-0.9977363875491283,-0.7781953352722897
AAVE,DOWN,-38.11850946854002,62,27.541416207952746,27.25121494635333,35.74662338425011,0.0,3.0067935177403076
AAVE,UP,35.79184882245101,23,31.668925875937585,-3.5789854839097996,40.83781917803897,0.0,5.940343460782479
AAVE,DOWN,-46.069166060857825,56,17.505662994633965,24.27956162054274,51.14204206592605,-8.432933649559818,9.493475968304722
AAVE,UP,77.4889274022723,51,25.04066102468015,20.880818671433314,12.268222660272057,0.0,41.42661616786816
AAVE,DOWN,-45.6222198112184,115,37.07377052103832,24.431501697993923,27.40453069641641,5.895400893944129,4.563984239917571
AAVE,UP,61.771747805267374,29,20.845338457180862,16.469720290446382,39.400834772798085,0.0,19.09341695887815
AAVE,DOWN,-35.77947705969413,59,40.687757186023084,35.659341551149666,12.644139361467646,0.0,0.42607314313122524
AAVE,UP,128.59612060687536,108,69.17435262367924,12.507277021248445,7.378266328171786,0.869503635551902,2.094241019969931
AAVE,DOWN,-30.10165504494665,38,28.570412028610566,47.55513234449062,36.23318181457445,0.0,-25.53623365266532
AAVE,UP,71.64663461538461,38,85.3488571183217,30.471586392424744,-1.103330845970666,0.0,-16.463564873429842
AAVE,DOWN,-43.71542609060991,62,31.795781036217807,65.54703586239395,-3.960897232066073,1.5733365876935892,2.38408742868137
AAVE,UP,36.41453097785521,12,0.0,52.38978970779191,-4.980706633285653,0.0,60.27143544280905
AAVE,UP,119.7238910903745,78,33.60660371280065,0.0,43.69343359015861,0.0,20.00934831790911
AAVE,UP,199.0173906262185,49,20.361486349279765,0.0,29.823907761270302,-1.6117136960723866,47.63321592499074
AAVE,UP,31.93124799829188,12,-45.23669299932836,14.635245284772921,71.38183931762327,11.252492632764431,33.14927205775859
AAVE,DOWN,-66.21351890812969,77,53.58970287720106,1.4849352505201843,19.282174866682105,0.0,24.76485214153663
AAVE,UP,146.02426951939967,63,70.21048142196211,24.416769468088937,10.936468793956887,-2.2650293535032713,-2.1105594768965856
AAVE,UP,57.06822372464657,62,20.02822061710431,17.764904784134014,45.0390336595592,0.7061246521054225,10.074140873518154
AAVE,DOWN,-55.91581183441876,90,68.08272574078715,19.137351256440247,0.42041629545883996,0.2897386203246632,8.671493574357214
AAVE,DOWN,-50.1161468887461,56,100.57680431356705,8.11439840137617,7.555985983076416,-1.2021115670652072,-18.428667864437813
AAVE,DOWN,-47.23160904600988,51,73.27056783278928,0.0,39.246603554648836,-1.982260611144491,-15.90425176852513
AAVE,UP,197.89819376026273,119,35.05326551221147,18.126640275216076,24.304124674243674,-1.3435636969008993,22.544123589759906
UNI,DOWN,-44.83484771672581,69,60.13502811335897,0.0,49.07279683876967,0.0,-13.755576088604865
UNI,UP,35.211367170931695,14,0.0,31.534891323509047,59.61986281052638,0.0,0.0
UNI,DOWN,-57.16003555183771,76,78.67338457093378,0.0,10.09813478565837,-1.2164412132707703,9.081125718856374
UNI,UP,44.88650231876981,21,0.0,65.06255810591021,1.7305158009037398,0.0,27.320751271749188
UNI,DOWN,-69.35646900269542,76,51.74387047197004,5.112611353525433,14.45669706854751,0.0,28.819496029405634
UNI,UP,155.03023639362289,40,47.165363548656295,26.46469196102333,24.266876841858114,0.0,4.776234397053256
UNI,DOWN,-42.951067040310406,54,31.45040114599643,42.540645198312774,8.442859486376689,0.0,15.198750585698031
UNI,UP,44.98394105422256,46,0.0,80.74213626096918,12.9025330056841,2.0000770095712648,-2.421394780058059
UNI,UP,50.704800817160375,103,10.465131577352471,2.388957243142221,51.58975753093077,0.0,19.328299754711168
UNI,DOWN,-44.991188830147756,111,31.006795685658854,29.06468091313999,10.890410741921995,6.321191893065994,23.439935271446828
UNI,UP,64.68703794972895,51,56.624540734202114,35.28509722461056,24.237930573009972,0.0,-16.759975461030326
UNI,DOWN,-41.867424809217425,77,20.241595966936394,20.554517751570668,20.095123490114833,-0.17077428307595005,38.488784275734375
UNI,UP,101.23552123552125,72,38.74147522237886,19.871209076468084,8.484110144281695,0.0,31.4660426642186
UNI,UP,168.21503131524005,41,40.30270459494438,13.085896942673585,0.9831285209777727,0.0,41.44384777530089
UNI,DOWN,-56.01608613867808,69,64.46782265477401,3.7283283651941863,31.78044086146734,2.7003254485045125,-8.35464624255027
UNI,UP,76.67010765373841,33,-30.021221804611763,25.31453496521252,34.69373439870576,-4.905755257848208,57.74999901783995
UNI,DOWN,-55.250417362270454,50,53.16363033452824,34.48751644369789,-7.654331116931007,1.3701442313471557,1.5669591314757616
UNI,UP,247.1926879313561,125,70.69909195727779,15.139246960236363,20.519676068939066,0.4460581400054709,-12.888393221638644
UNI,DOWN,-74.3620050502337,121,49.641208400543285,13.472423285209903,30.46541342688488,0.2453596296468647,6.064715283957695
UNI,UP,81.6219614417435,63,39.93021539419691,29.295777497327215,32.468285177294135,-19.274913570305912,13.147577090153625
UNI,UP,93.98784777742246,52,31.973769385998985,0.0,0.0,0.5626217894331192,66.9618479639345
UNI,DOWN,-58.209693372898116,83,41.41458427644575,12.038423737004116,15.579434767280068,4.892968570569221,23.775349597978344
UNI,DOWN,-46.92719486081371,38,0.0,16.335415020580964,42.3640148021375,0.0,37.56403738182969
UNI,DOWN,-49.4408945686901,47,78.39625073045589,9.050876662668836,10.781271498598064,0.0,4.233300779440975
UNI,UP,31.248025276461288,39,0.0,88.82456321999865,6.612500965705934,0.0,7.481298859357226
UNI,UP,32.327586206896555,28,0.0,74.3443879992545,-34.4944699343217,0.0,53.36272370322607
UNI,DOWN,-40.01503382610875,31,0.0,44.99435751027191,6.28676278238975,0.0,39.0926076858587
UNI,UP,85.00417710944026,50,34.351941382019525,-1.4687282375905797,44.210641547796634,0.0,14.828655104026106
UNI,UP,219.98123827392124,39,48.81320610136311,0.0,20.05724172863266,0.0,33.01280992749121
AVAX,UP,108.55985403717101,48,0.0,0.0,6.72732452056015,2.023143746045206,93.73223338486201
AVAX,DOWN,-41.425224637466265,21,0.0,86.27382531657571,15.592762731185092,0.0,-2.783437677963021
AVAX,UP,55.875354394491694,8,0.0,26.971873054671185,50.82409036676746,0.0,26.286610930427535
AVAX,DOWN,-51.466456631534506,32,62.40063106489699,16.825710924457375,21.423518595676153,0.0,0.6943442943199091
AVAX,UP,59.35821719562999,25,36.19789471359503,48.04039660320109,35.23060182360178,-11.442677136920807,-10.816200658316108
AVAX,UP,44.403534609720154,21,0.0,48.33526175339609,31.735571899054136,0.0,15.52426369643198
AVAX,DOWN,-84.89546149923508,76,82.48917480681861,4.739245358235677,9.243258709925442,0.0,4.979611701997586
AVAX,UP,97.97434166103984,55,54.302216908270715,83.79634409077774,-6.991306497543818,0.0,-20.84943133644141
AVAX,DOWN,-48.70395634379263,68,10.659030273443998,21.23764063982456,21.476206678334282,0.0,49.81522879048763
AVAX,UP,30.27260638297873,17,0.0,66.20648330092259,10.143528985889889,0.0,18.329327247433486
AVAX,DOWN,-44.57204103506355,57,33.33396209321125,9.281991137871245,60.61294399735401,-8.980390160168339,4.593976701478987
AVAX,UP,96.82320441988952,33,42.355068879255015,53.47085278215557,2.5388030042751137,0.0,0.5955632953901172
AVAX,DOWN,-32.62690058479533,34,0.0,32.05452731613123,22.471860473521822,0.0,42.20055991549507
AVAX,UP,47.28838275119782,40,51.80134346369578,34.39680357818772,18.84166174018917,0.0,-7.74563478781415
AVAX,DOWN,-46.593748526707834,61,42.45398640110328,10.968056002712073,23.771588641333913,1.2981307430181914,20.52390658246536
AVAX,UP,31.0646186440678,27,42.85341209937307,42.28734680349415,31.639856255184867,0.0,-24.50096807646693
AVAX,DOWN,-40.897150939583746,71,72.62939324129377,11.39408563282706,12.688035871477865,0.0,-0.7933839216011441
AVAX,UP,449.64102564102564,92,1.717805634702509,12.297941671964704,5.254058138615304,0.0,79.7142701872753
AVAX,DOWN,-38.76345089257946,28,0.0,59.208778128782434,1.4069045769242794,0.0,33.12367768697862
AVAX,UP,105.50533265617065,56,66.49870991447784,3.975423083878994,21.429113895393336,0.9465636361242501,1.7290285920451294
AVAX,DOWN,-47.983392645314346,57,68.56881897864454,29.113984531682714,11.363230914089977,0.0,-16.39129952977461
AVAX,UP,30.571392372988715,7,0.0,46.32969007702252,41.23788278115721,0.0,0.0
AVAX,DOWN,-40.735979041335135,44,97.48032878355394,20.535519042752178,8.137486160609267,-3.982859653875189,-6.465494163824561
AVAX,UP,33.551635217551464,17,0.0,121.37668819278575,10.68044500210138,0.0,-4.284985857888366
AVAX,DOWN,-40.15262964325119,15,0.0,12.786442031041561,27.485865523713304,0.0,48.84108206462804
AVAX,UP,55.80478312080708,53,29.10086789435709,15.689224727605927,86.62857978287828,0.0,-43.01261386154172
AVAX,UP,137.81309151736588,34,0.0,0.0,29.553525128239567,0.0,64.8624278477313
AVAX,DOWN,-69.91522286391233,92,53.42547409823635,4.786144780578412,22.013664313948137,-0.17331712982601677,14.784379360363294
AVAX,UP,40.83553805451301,15,0.0,75.74461599657546,14.788544651109166,0.0,0.0
AVAX,UP,60.99051896207583,34,35.09481574364312,75.72519469626113,-9.646646657299382,0.0,-1.4589677355034116
AVAX,DOWN,-36.02092212320805,43,58.310956528253435,43.60563387437825,-0.6601599085670028,0.0,-5.831862283463942
AVAX,UP,113.1229940047235,88,48.907999307984255,20.80018498032662,12.960961840309643,0.0,15.735825100213136
AVAX,DOWN,-67.50774301707725,91,45.52156746670781,28.282863219791608,-3.8300319162864223,4.575308478227497,22.0837629538365
AVAX,DOWN,-43.89781120824016,42,47.15094394894883,0.0,24.590535557239658,5.346928204156494,18.24101245691002
AVAX,DOWN,-43.808433505056286,95,1.1082800425249475,21.683463553217706,25.385897200358016,0.0,48.00253725349228
AVAX,UP,94.10865874363327,102,68.53604380047561,14.459999522769987,16.40341122264255,0.0,-2.8750000802575544
KSM,UP,52.1047014881129,33,0.0,0.0,53.51855912949991,3.7077181111267468,36.39430286997094
KSM,DOWN,-77.11796690768061,126,80.33792439861332,0.0,24.247996278952318,-0.43627174268547037,-7.408041971179456
KSM,UP,71.84226215824887,21,0.0,20.466978720828354,33.84637305972077,0.0,39.86545391067595
KSM,DOWN,-77.08168120539254,71,35.04695515160694,3.8149522992921945,11.409548138423176,0.0,47.14599068230878
KSM,UP,44.83131487889271,40,0.0,55.503418134962025,29.402176723675304,0.0,10.647261872439149
KSM,DOWN,-65.41735105271016,113,53.9436582313572,10.086327492426177,3.781684920581882,-2.2306401836308853,37.38950434979763
KSM,UP,33.98100172711571,22,0.0,61.71208045646615,57.039625581494334,0.0,0.0
KSM,UP,102.89661319073082,49,59.181467693203224,25.60325888324541,10.244424099856065,0.11930576523880732,6.61714711073608
KSM,DOWN,-34.10937843180321,20,0.0,82.60304719678228,-11.194588159606216,0.0,28.28705904781934
KSM,DOWN,-44.58632615057198,60,41.87634532819121,0.0,36.184446645794544,0.0,18.76828939767579
KSM,DOWN,-36.586284853052,108,65.88226421430109,14.075228673438614,10.812077673731796,0.31917086881679924,3.396813696332584
KSM,UP,247.77183600713016,67,62.73661529155938,4.086399247004882,6.727103568830686,0.0,21.373976977321643
KSM,DOWN,-38.54433623782676,31,0.0,72.06703290164866,3.8577566705936635,0.0,12.268814158509326
KSM,UP,67.05587989991662,48,37.276336854859835,8.110767715007622,19.337572507623996,0.0,30.83223917894814
KSM,DOWN,-73.41654185388585,145,61.72278903838283,12.517601882162433,23.021745898650213,4.592130837970284,-5.882948240048093
KSM,UP,40.597220483285334,53,-10.27833242280526,55.46632772596733,66.7868986531561,0.0,-21.66720023848866
KSM,DOWN,-33.389732401264524,38,51.12216297812181,0.0,60.682214027747946,2.5540569766097603,-16.311034578457047
KSM,UP,230.72192513368984,19,72.77151151717015,9.091096367850698,12.211871285767845,0.0,1.1257605109979212
KSM,UP,30.830869553203822,10,0.0,0.0,0.0,0.0,84.22311636807942
KSM,DOWN,-73.97621913873577,123,43.85565466618984,7.182458229616029,29.63781187214687,3.0434814961590595,15.158224809768562
KSM,UP,80.96088297354325,34,-10.132492152422873,22.477460259041923,49.2328507116624,0.0,28.084888856654917
KSM,DOWN,-44.941250336353036,50,52.68663606510246,13.549732313930063,28.6596143830751,0.0,-7.463809230722364
KSM,UP,41.418913415329484,21,0.0,40.37532088123189,23.282066110462328,0.0,30.852470980596745
KSM,DOWN,-47.43693122912107,105,0.25388437350963516,39.19756774046418,44.03813553405097,-1.6004325687078946,14.964902800316265
KSM,DOWN,-51.622418879056056,40,84.62076525317298,0.0,0.0,0.0,2.1633931953891437
KSM,DOWN,-50.736167181192116,30,4.2593665912207594,0.0,11.391496157028028,1.576393008914341,78.02537250354065
KSM,UP,44.34803567124608,92,0.0,-15.279691136554424,130.7436255548377,0.0,-17.92880963778011
KSM,DOWN,-52.145600267156446,101,43.50614983793619,18.811780429402205,8.594578051509345,1.6788098117392674,29.85597765993821
KSM,UP,81.75157013258895,47,56.39335581977085,8.281998520341984,45.78839613786939,0.0,-7.9213013070119995
EGLD,UP,100.29802000408247,48,0.0,0.0,39.731865815223586,0.0,68.44036114995596
EGLD,DOWN,-52.16354483011638,21,0.0,12.049268067508773,66.75126483968882,0.0,25.484306192128752
EGLD,DOWN,-57.61215237837472,38,79.20063766094863,0.0,0.0,0.0,26.04135471790347
EGLD,UP,59.79727033282784,21,0.0,84.08798160280459,14.040334430255985,0.0,-1.7388428681869876
EGLD,DOWN,-34.73352979371661,23,26.46868394382671,13.180632914940674,33.341565945649805,0.0,16.725819646560872
EGLD,UP,52.138976046529436,20,0.0,45.7252682332993,-1.9060594687141843,0.0,47.973701202502944
EGLD,DOWN,-60.79979879275654,46,57.96305757568084,12.461584826476148,9.85387067002789,0.0,9.98072376345767
EGLD,DOWN,-32.71765175718849,10,92.8809297274871,0.0,0.0,0.0,-1.8923912581935975
EGLD,DOWN,-51.90998268897865,14,86.95630696091422,0.0,0.0,0.0,1.8265015526055102
EGLD,UP,61.219102471802266,55,0.0,85.25045112633707,-20.613982471529706,0.0,22.813856577867153
EGLD,DOWN,-31.690979458172087,45,11.483870747202758,17.53543608918769,41.31710163868402,3.432325739017145,21.604584280899346
EGLD,UP,31.684462845935933,44,48.8541988014071,27.905340493612975,30.871419814562934,0.0,-7.5939713785302665
EGLD,DOWN,-45.7388714214794,57,35.029499734776074,17.560724036162878,23.61531436687083,0.7518707321208581,25.163517029813143
EGLD,UP,61.51265629765172,51,40.09153638354626,36.72804084522099,3.643323846606218,0.6802325898827565,20.607249159046408
EGLD,DOWN,-39.950980392156865,87,61.36454607183912,0.0,17.20812385429577,-2.7044659728544085,-4.634264042669952
EGLD,DOWN,-38.80798274002157,56,62.209303162541374,16.98870396289043,1.5675710734675496,0.0,13.1788050599327
EGLD,UP,221.11062141912737,105,45.147287931102106,4.011425034926709,5.776656064964504,0.0,41.06093988621862
EGLD,DOWN,-33.03595937414219,29,43.96712290395514,39.62813858336362,40.38448673526708,0.0,-29.30152414401837
EGLD,UP,54.539864726378376,51,31.45044258415359,17.819394034379844,15.98506121274387,2.5094968495629653,11.882112349705222
EGLD,DOWN,-62.54111405835544,101,67.47425829656008,11.139501589876406,7.730309416116052,1.66081293835787,3.16019530436113
EGLD,UP,30.810083557569733,22,0.0,37.38821805076111,66.85646460759472,0.0,-7.821870434774316
EGLD,DOWN,-30.254966708168674,21,0.0,30.728226864477893,11.721970144447202,0.0,44.175805191833085
EGLD,UP,152.38612204279187,34,68.02489132737641,10.026639966036111,19.092396662914823,0.0,-4.814498361479583
EGLD,DOWN,-63.50389819876333,78,20.11187794751859,18.634693710324257,21.874187189623097,5.669844158177735,29.21270532341831
EGLD,DOWN,-50.97785108388313,37,89.18841718761355,0.0,0.0,0.0,3.021659369876505
EGLD,UP,63.38219979171673,35,0.0,39.564300366021044,79.55464272303544,0.0,-20.351595177092047
EGLD,DOWN,-41.04437362098554,40,51.19928773549444,24.3738910194344,29.54438619611163,0.0,-4.485371971661014
EGLD,UP,51.289088489687295,30,0.0,35.87891706736922,20.488250913250816,0.0,36.127267134901935
EGLD,DOWN,-51.25061843768896,80,-21.211111472723907,15.073280006844577,26.91700626874217,1.4311547281126262,72.33535475533316
EGLD,DOWN,-64.38295615275813,115,32.70454453532418,0.0,0.0,-3.4338810229477463,67.43585163364837
EGLD,UP,30.752047654504832,9,0.0,42.844579720942264,50.233921209512744,0.0,0.0
EGLD,DOWN,-30.030372057706913,47,58.73111698783826,0.0,0.0,7.771924958300815,24.924265425609534
EGLD,UP,30.792186652197493,39,-12.159270381203733,34.80494560683568,30.069798421876843,0.0,36.222373142014824
EGLD,DOWN,-48.01908317776395,45,62.471176509194436,10.341745481592644,19.526314667637205,0.0,4.751917164988338
EGLD,UP,111.292897047087,69,-4.1593582380358605,36.67888590306839,8.446256856479225,-2.035251158274909,54.338688741287044
DOT,UP,71.47449158206294,30,0.0,0.0,22.05852683832906,0.9302626459372665,77.45918638338651
DOT,DOWN,-55.34623879433545,46,55.595882672360084,0.0,37.81611983767638,0.0,2.2141165914680223
DOT,DOWN,-49.01271646750591,59,41.285083463223124,0.0,0.0,-4.190012351877193,74.77133470988932
DOT,UP,45.344028073693444,39,21.379221867679753,71.21252892723471,2.3708782769314074,0.0,20.672968964483037
DOT,DOWN,-62.524790894196784,39,68.98164794436074,11.715981383017905,14.480904225899971,0.0,-7.869134039914605
DOT,DOWN,-46.81698736967026,58,72.91754509472177,0.0,0.0,0.0,17.2599896796676
DOT,UP,51.73732865795344,29,44.04837769395875,34.077263519276244,26.293332982745493,0.0,-8.719488236117783
DOT,DOWN,-55.00000000000001,140,8.65388496083397,12.495350903890085,34.97217967229312,-4.128753708976993,46.84388879949662
DOT,UP,76.33053221288517,54,37.14676569775997,19.958541340283233,10.581294160976872,-1.0716114469179474,30.30886105593899
DOT,DOWN,-36.788089043076035,58,34.61933668122231,12.549620744494868,18.320993765306117,1.3098717205057395,30.901228126889848
DOT,DOWN,-34.24706943192065,98,40.46379543544804,23.948906601439738,4.2385893018790695,-0.6718062115307551,33.065551490331714
DOT,UP,152.3861766319254,67,58.39289603257747,4.337193075774312,12.396764302828391,0.0,24.31239174573827
DOT,DOWN,-31.09106715931319,28,0.0,66.74238530073717,9.04385569696959,0.0,24.045291273529614
DOT,UP,82.41602270935185,52,38.66799207106409,11.913016668139004,7.242444527145983,0.0,28.560116647019157
DOT,DOWN,-67.58883029307512,235,35.15485383796079,0.022449722379986888,48.6805960514994,2.2282493492340802,6.563427190109004
DOT,UP,184.92931448386236,32,0.0,3.236216572200106,21.625137846966837,0.0,72.41873281679877
DOT,DOWN,-68.40479310990452,123,40.64043393280271,16.619109071124246,19.256140632116434,1.956584908575787,20.727722961650358
DOT,UP,57.21481481481481,32,58.11537038076919,65.61083986051511,-13.162505401409621,0.0,-16.789434516780243
DOT,DOWN,-40.61439879381832,43,57.71535369360061,31.984161361411502,13.33273060209049,0.0,-11.208969387846079
DOT,UP,44.462075531577284,30,0.0,30.817463415194684,24.93877739787984,0.0,37.51824609448047
DOT,DOWN,-44.947275922671345,105,12.948906977621974,77.48810060677405,44.81075663312941,-3.2125772934176253,-38.820033924239624
DOT,DOWN,-48.468137254901954,45,95.168649893392,0.0,0.0,0.0,2.1345300994997447
DOT,UP,35.6718192627824,19,0.0,56.91700937919916,23.211305905482337,0.0,8.893361473847804
DOT,DOWN,-45.83698510078879,42,0.0,22.869744204245247,7.050586714915144,4.096799481767102,61.4711933112684
DOT,DOWN,-54.81347773766546,174,21.706586169375502,3.2752601904568612,29.15082585171825,-1.4471523644203075,44.11658001668922
DOT,UP,68.73501997336886,40,61.96363259958466,6.209591678700282,47.96693482227898,0.0,-22.949495686869728
DOGE,DOWN,-43.26705560185737,97,91.16679324849649,0.0,28.97759080741304,-1.1449716444177087,-20.682294559894032
DOGE,DOWN,-39.63236091530204,57,74.07080898917748,0.0,0.0,1.0947602795645002,20.229643935289374
DOGE,UP,55.08847570286537,23,36.69374742801269,49.04407113377357,3.202767669028906,0.0,-5.922747641159918
DOGE,DOWN,-69.37912660720491,74,81.23541078526166,15.22405327032963,11.017208412235398,0.0,-12.343359859139454
DOGE,UP,64.02496689994325,59,49.23247365592361,81.1064483893302,-19.720082651177417,0.0,-11.214906208392366
DOGE,DOWN,-34.14437269372694,36,25.36950484711896,50.885371191036285,17.873959850995522,0.30105131490046055,-0.6762915671060156
DOGE,UP,148.6429697075818,41,0.0,19.04490182848458,3.520205877156494,0.6389222100570443,75.68658479372482
DOGE,DOWN,-47.570422535211264,8,0.0,15.205888718048335,73.63853050520297,0.0,0.0
DOGE,UP,43.33109469442577,21,-15.486999505673243,0.0,57.70214878438023,0.0,33.163556649791175
DOGE,DOWN,-35.929153781276355,30,0.0,28.17905683274105,11.454958574945307,0.0,55.98371492476958
DOGE,UP,40.661108673394764,32,41.1905691736641,59.00760779797838,12.160592621511425,0.0,-21.301440980400507
DOGE,DOWN,-31.7146719351149,38,-11.69426908415338,12.03030109558321,45.64313149674116,0.0,42.30819231592058
DOGE,UP,46.124562204964214,24,0.0,51.49880661764911,10.439022068081728,0.0,36.91242777127149
DOGE,DOWN,-37.140475197999166,72,6.7435517033487535,-22.128284308360374,67.72922628256973,0.9829078758221702,49.04648206562114
DOGE,UP,35.65981432360743,41,0.0,23.71060529264347,55.28321417183728,0.0,15.416052759540108
DOGE,UP,215.22904062229907,151,69.18929032266024,6.634769832897981,11.04586911981167,0.0,9.002751258809186
DOGE,UP,70.90090789167375,12,65.39999492668223,0.0,0.0,0.0,32.90369908264096
DOGE,DOWN,-40.90991645477661,31,0.0,17.73312891394002,49.248364907444845,0.0,35.40189500638656
DOGE,UP,33.77900722299063,24,0.0,18.569312290822797,73.18180350681688,0.0,18.655431936554603
DOGE,DOWN,-40.212521539345204,43,22.316319257448207,16.285326158377284,17.29761952152204,0.0,47.298765747886705
DOGE,UP,34.73916802766836,14,0.0,8.142878208339791,76.03324212534214,0.0,24.61176556372558
DOGE,DOWN,-34.08912655971481,47,-19.86318989867327,12.950220205888435,32.27937760736307,5.602381006051297,72.25342636405942
DOGE,UP,404.9004759844223,93,71.54157126880261,4.361887017883665,5.8601574161206935,-1.0684241826487788,17.61756679629918
DOGE,DOWN,-33.20335097379642,19,0.0,61.20918963823201,36.6854578062327,0.0,-8.173518348272252
DOGE,UP,33.15370798049781,21,0.0,35.2184435209035,89.36618551345553,0.0,-31.133791104071555
DOGE,DOWN,-62.899884370784356,52,27.1402459687189,14.173334182382726,8.11377182744663,-0.3235603628461657,49.73572656471127
DOGE,UP,76.20956399437414,32,60.608061709242676,47.70742624876981,-0.235649816374674,0.0,-11.685606194501268
DOGE,DOWN,-39.665562517460195,43,42.64432479111871,42.98268124301607,2.6362306976214955,0.0,1.6050108211591099
DOGE,UP,81.1019976187326,28,0.0,23.644103535842255,21.57471166870175,0.0,52.22880050740365
DOGE,DOWN,-30.26407100332371,13,0.0,36.232095303412876,54.43232953451543,0.0,0.0
DOGE,UP,51.537212591001925,42,11.937185368853383,16.398097372000148,10.265637956776686,0.0,52.96725239055131
DOGE,DOWN,-59.42003940137559,109,62.50891109935278,0.19508605356409478,44.638045495595705,-0.6738365194508736,-8.595558510795493
DOGE,DOWN,-41.70128585558853,31,61.920343372984746,6.1913889450435144,27.808763217961506,0.0,2.4210600713557966
DOGE,UP,30.528220789503457,98,76.76190605778619,83.24859772847039,-46.16222658640539,0.0,-17.69789429311574
DOGE,DOWN,-40.155979202772976,84,53.31641077783489,25.250191355008255,0.10903121278264258,-5.739893634792685,28.30464246267516
DOGE,UP,45.380828265276584,47,40.94175349180229,16.825069797497147,21.557471992646406,0.0,29.962467521179747
ONE,UP,97.42785445420326,21,0.0,0.0,45.10879473637987,0.0,56.91969146605539
ONE,DOWN,-31.44986567293525,23,0.0,0.0,63.98033282277677,0.0,34.09152744466467
ONE,DOWN,-49.953051643192495,17,0.0,13.640615344053012,25.16056444461424,0.0,53.15965015992406
ONE,UP,115.42092840283243,35,37.88475791175038,48.2435178003777,13.230566059403703,0.0,-6.031052977352157
ONE,DOWN,-50.845648142945436,19,0.0,49.96008324219367,40.987033987957886,0.0,5.08872560254853
ONE,DOWN,-43.71881682109765,15,84.11494552247561,0.0,0.0,0.0,10.832265568822793
ONE,UP,41.34012866571977,21,0.0,83.39138045076285,14.02042495279672,0.0,-4.910936191323308
ONE,DOWN,-76.15416444996157,39,65.22474439460294,4.90293420621725,6.483013687808607,0.0,9.7398177525481
ONE,DOWN,-68.13248502994011,49,93.67586476691406,0.0,0.0,0.0,2.304274438556763
ONE,UP,96.30064591896654,40,0.0,53.371849317526376,11.983135371462177,0.0,29.658405245015825
ONE,DOWN,-50.70296141190547,71,-2.7667832095549874,15.62522786147374,30.85142148397109,-2.288305258930163,50.11732921461217
ONE,UP,30.521844660194162,13,0.0,30.391195952819526,26.86413486071373,0.0,41.919768877825426
ONE,DOWN,-54.625755462575555,56,43.935484071943684,-0.6160147723472332,57.56192488545134,0.36717441404061607,-0.9670096263650665
ONE,UP,188.72950819672133,39,52.13905995917681,18.324592197434324,12.730336799801739,0.0,15.936521495426009
ONE,DOWN,-44.322214336408805,32,0.0,65.77718474895005,-7.251984818606649,0.0,38.990366466991084
ONE,UP,60.42065009560231,38,0.0,37.70931110397018,30.920873723456598,0.0,26.892221405557688
ONE,DOWN,-59.475566150178786,57,52.82220458173337,7.103622731300385,15.993961365882194,0.0,21.14583512671355
ONE,UP,34.019607843137244,19,0.0,109.41580635584391,-9.436141595901242,0.0,0.0
ONE,DOWN,-35.62545720555962,108,55.04630796787663,0.0,0.0,3.0310187997088014,40.47370453957406
ONE,UP,147.38636363636363,67,31.483425924678166,4.939699736260311,11.93792625901107,0.0,48.117703602180185
ONE,DOWN,-36.564079007808914,43,18.625691217722707,79.39237815360879,-12.157236737093315,0.0,11.40880082876559
ONE,UP,167.05286024619843,34,0.0,19.46824652640303,-1.4499476229684136,0.0,80.68360889387704
ONE,DOWN,-46.34073185362928,35,35.3048661070182,35.52491675017341,-2.526915834529284,1.5628603142386246,31.4125222864819
ONE,UP,30.911123532699825,28,0.0,91.23090864771758,5.247488381302279,0.0,2.0781374350420814
ONE,DOWN,-48.93253629376601,38,0.0,14.175824678392356,18.965065440730775,0.0,64.42210997307056
ONE,UP,31.18729096989965,14,0.0,42.20262864538787,50.986503521932846,0.0,0.0
ONE,DOWN,-36.39260675589547,17,88.33224967030246,0.0,0.0,-1.8380442677079813,3.9765057952754077
ONE,UP,52.705410821643305,76,1.7746873412314192,55.09818943924255,73.05552157307027,0.0,-42.363862455984325
ONE,UP,328.2099343955014,33,84.10922699834283,5.118755775268663,16.466120449035195,0.0,-9.736151133706693
ONE,DOWN,-45.1958853140731,12,0.0,58.54482394166865,27.696153143521457,0.0,0.0
ONE,DOWN,-68.34607366226547,81,45.82104270539317,0.0,0.0,7.070216349796573,41.13612055052021
ONE,UP,81.11964873765093,35,52.62987265997889,39.82482117608273,19.0588887271438,0.0,-13.283990699864304
ONE,DOWN,-48.12121212121212,40,59.2321327655162,50.94960926417998,3.0735120559842457,0.0,-13.117272140258343
ONE,UP,56.30841121495327,29,0.0,51.7725213789756,20.911169680188323,0.0,16.09544877769684
ONE,DOWN,-55.68011958146487,81,40.725043919718615,25.68101519257554,63.563902015538886,2.4050893919521177,-41.40902266173995
ONE,DOWN,-38.303341902313626,22,22.91787402513721,0.0,0.0,3.1185059260727073,63.62889972970803
ONE,DOWN,-46.2171052631579,41,84.68862080622553,0.0,0.0,-2.8402634840702135,11.906880048761098
ONE,UP,36.69724770642202,19,0.0,101.92063199158783,-17.112862566036043,0.0,-4.412473347867277
ONE,DOWN,-54.36241610738255,82,13.461787033231271,14.509459675834643,6.625687763383695,3.8928124942006073,52.85805948566581
ONE,DOWN,-57.308137292711145,67,51.69997248028033,17.386221100044214,2.0024173493178496,0.5533124901481722,23.106206257782187
ONE,DOWN,-54.488472622478376,51,56.45214795959894,0.0,0.0,2.7774326775127807,31.67252394245853
ONE,UP,568.1810986227639,11,0.0,26.14419822430374,32.59396943116595,0.0,39.10733239567975
TRX,DOWN,-55.58873375837301,70,60.885869883611306,0.0,18.017867378829443,-2.638370216782473,12.528240022012424
TRX,UP,59.84008722514991,104,-13.095167764654283,56.07809793019914,18.865942745189106,-6.375312184848296,33.44636415393229
TRX,DOWN,-36.8462937698954,37,0.0,-11.31420646493927,69.39820922838365,0.0,38.27831118100012
TRX,UP,766.593362654938,747,70.71679385223128,9.24608047319265,12.492227476307677,-0.3163311610464116,2.315807071995412
TRX,DOWN,-51.15694281034444,103,-24.85932647192994,27.219757793824495,73.04121864755234,-0.7159401279119321,9.96517620355544
TRX,UP,73.17683733232572,159,65.9949128057997,15.437307137256157,4.535063077064395,0.7992187684695703,10.861606042360378
TRX,UP,39.787828029034046,110,49.63613319146442,11.339572108135815,9.778616928212926,-0.5263671434744879,27.24540895156929
SUSHI,DOWN,-51.39170506912443,61,45.31389866985638,0.0,16.574840513774454,0.0,32.06808346647222
SUSHI,UP,94.17899127796738,25,0.0,18.169937073750443,52.03173924103148,0.0,20.13698283541409
SUSHI,DOWN,-72.80539009862318,73,71.85387496990866,11.158758428925623,18.91513443234245,-0.8519054768130786,-3.0093252418638814
SUSHI,UP,60.754039497307,17,0.0,63.33880595380471,11.47328176138825,0.0,40.84753569729867
SUSHI,DOWN,-74.53651999106545,43,68.8485100338901,6.846323732605546,20.04064772398581,0.0,-0.3449151512995712
SUSHI,UP,64.2105263157895,19,0.0,40.03620212869461,23.863766958371606,0.0,0.0
SUSHI,DOWN,-50.373931623931625,18,86.6534695670431,0.0,0.0,0.0,11.959029736756891
SUSHI,UP,70.39827771797631,53,-6.641272765588116,121.0504202014728,-42.772700606751926,0.0,35.13402438450511
SUSHI,DOWN,-36.63929248262793,18,0.0,51.402467159002626,8.687471437431208,0.0,35.38115432644577
SUSHI,UP,97.30807577268199,68,19.903781769257918,68.57104221036163,-13.802672585888832,5.1050531440204505,11.125676896408557
SUSHI,UP,44.53201970443352,21,-8.271793041701835,0.0,44.689993378267104,0.0,29.26623162969672
SUSHI,DOWN,-37.082481254260394,30,83.9705581565157,0.0,0.0,0.0,8.6487836375716
SUSHI,UP,67.93066088840736,35,55.40663466121274,55.19979077753994,-2.5614804208391413,0.0,-8.62186096085817
SUSHI,DOWN,-64.1483870967742,131,33.57139036049167,19.374095154618562,13.35450883564477,1.6204088967621482,30.855861787109042
SUSHI,UP,39.3377721792334,61,-1.902751705735287,55.45593045713137,56.5317835930304,1.6336421726602675,-9.403087248819363
SUSHI,DOWN,-31.551078393387566,66,15.302466956727462,28.935047145379723,68.05659826585747,2.367402654395528,-18.811030364816872
SUSHI,UP,166.35849056603772,46,41.715696361775834,1.0959829279906186,11.772567328903298,0.0,41.191961620242466
SUSHI,UP,103.95175524612665,64,0.0,4.471712368660166,19.85266990690838,0.0,78.93375395199185
SUSHI,DOWN,-55.57478724938698,33,72.33255609296691,-6.131361830139189,36.37130628437957,0.0,-6.876914646637773
SUSHI,UP,37.9112554112554,42,0.0,109.01441859814591,-33.390678800712756,0.0,17.543230266787443
SUSHI,DOWN,-60.84124617437025,72,53.33612353500649,15.259263815745694,4.960927885416115,0.0,19.027504368568646
SUSHI,UP,82.84569138276552,54,66.71991220665399,22.246789571631258,15.21287409007436,0.0,-12.405595564965108
SUSHI,DOWN,-34.96273564226217,37,37.19291411761927,56.84546848869888,11.770325818501826,0.0,-10.08689160552348
SUSHI,UP,349.42703067071113,34,83.85351228203751,8.3511731860969,10.325082825544193,0.0,-7.935787633480916
SUSHI,DOWN,-49.08320521954329,23,0.0,54.066198899472376,33.377745027875754,0.0,4.590754075539545
SUSHI,DOWN,-73.57939170905942,92,52.35303815852512,7.268942606083027,24.131936210355395,0.0,17.11709798119169
SUSHI,UP,79.00450634985661,37,46.25320063507106,33.00981645587021,25.09109355332242,0.0,-3.592665248577323
SUSHI,DOWN,-30.97014925373135,12,74.39539360073442,0.0,0.0,0.0,14.964760468446773
SUSHI,UP,90.10251630941288,29,0.0,25.52212231295582,19.925845409881557,0.0,45.30117143738119
SUSHI,DOWN,-48.95366218236173,58,45.10107674021972,41.35945452070151,49.91782431031409,-0.9447992283753852,-33.72970505215357
SUSHI,DOWN,-30.388285620269826,22,77.59449446003683,0.0,0.0,0.0,2.3630266380197225
SUSHI,DOWN,-52.499126179657466,38,69.79506796905966,0.0,0.0,0.0,20.742532277511376
SUSHI,UP,30.64753495217074,19,0.0,40.40702525209423,41.021231744284705,0.0,0.0
SUSHI,DOWN,-47.45142213460998,82,15.972280003341414,10.356756050267652,12.201439002133101,-3.3187406940902595,55.603654487531706
SUSHI,UP,34.780278670953926,43,46.7762433479139,30.052883112580965,5.558161745213618,0.0,-5.520505677801838
SUSHI,DOWN,-41.55069582504971,45,50.174966621303206,16.88948136425383,13.996253459093042,0.0,13.859365395200863
SUSHI,UP,84.62585034013605,97,36.47530905315718,29.983718196948857,8.615908424709472,-0.7743635443669729,27.48830826201707
