idea,var,label,cagr,dd,calmar,tr,oos,c5,net,pf,passed,nft,gb,loss
idea1_volume,A,1A  skip vol<1.5,31.151958229230715,40.70295088134805,0.7653488888321844,1.1087099453714908,0.8054482023415351,0.6414314808282735,28796.56582862084,1.2984711759086447,False,-56559.54621987355,-13019.914461763012,-93503.84065261265
idea1_volume,B,1B  half risk vol<1.5,31.186962447614185,35.52423478154885,0.8779066639828812,1.432537684164286,0.8623604092706276,0.7359563017603628,28848.360039851133,1.3013299889271666,False,-57154.174116755144,-11681.730604296286,-91015.41398934221
idea2_atr_regime,A,2A  skip ATRrel<1,43.97298992693439,23.63690826495257,1.8603528614668685,1.9164197517522603,2.07282819061014,1.6927471586087577,51843.887552533204,1.6553400521176833,True,-46273.747732123666,-9511.05676651217,-75501.04716541726
idea2_atr_regime,B,2B  half risk ATRrel<1,29.29272215857268,29.334975411584374,0.9985596288246756,1.6998161580549818,0.7995324622920588,0.8487957095834656,26123.8498238913,1.3258758469470133,False,-48033.03978893362,-9528.245673010117,-75441.5570364176
idea3_time_stop,A,"3A  12h, MFE<0.5R",24.62086994048709,40.06656892306361,0.6144990849544524,1.1084286289172154,0.4117389170236411,0.40957202339002285,20053.043827853835,1.2007231498357722,False,-61480.74021801546,-13003.435932104616,-95910.66232163104
idea3_time_stop,B,"3B  24h, MFE<0.5R",27.97657502725899,38.214840782932704,0.7320866567564958,0.9713870788599646,0.7783696303147778,0.5336065953001133,24322.51386228924,1.2272855162158265,False,-65440.15462304471,-13875.427483025009,-102989.89605167217
idea4_confirmation,A,4A  wait 1 bar,25.216771168361362,33.71099051473938,0.7480281885320424,0.6309751344786153,1.0584859289298516,0.6058066397486069,20778.37297613485,1.2839917210398246,False,-42855.233029410076,-7958.677566445234,-70628.49569854831
idea4_confirmation,B,4B  penetration>=0.25ATR,31.437558575115652,33.647894221160776,0.9343098372957,0.9900041191828746,1.0131415434054714,0.7892188839172729,29220.773894866616,1.299948518791052,False,-56095.40490534165,-10783.294460219608,-93501.62074916012
idea5_giveback,A,5A  BE+0.1R after 1R,36.86272695418362,35.03857984940778,1.0520611027220805,1.5326944744230804,1.1455126700120168,0.8769399076417683,38010.10575583774,1.3134878198264712,False,-83378.27039573212,-1224.0631463512866,-115416.30205812198
idea5_giveback,B,5B  close 1/3 at 1.5R,26.850051432208065,27.572660311946773,0.9737925585865354,1.3571784307471202,0.9216856932532911,0.7792056536194184,22838.44166234081,1.2230611033739052,False,-65740.95026340272,-7978.3003744883945,-97837.28777428909
idea5_giveback,C,5C  4-bar trail after 2R,22.840752395637054,31.70361895565143,0.7204462186978658,0.9401086451533038,0.7000861279377598,0.5169316687665665,17967.3416310814,1.1817260465966344,False,-62606.12780626569,-10499.909433662433,-95734.613106857
combo_all5,BEST,C  best variant of each,34.524208011948865,21.852488830171048,1.5798753304604083,1.4364376670539525,1.8571543122469014,1.3269995489045174,34046.769366859095,1.7671116571548446,True,-28800.03323122659,-696.7594872895098,-41896.10495719481
