symbol,side,start,end,days,move_pct,share_WITH,bars_WITH,share_AGAINST,bars_AGAINST,share_FLAT:blocked_2A,bars_FLAT:blocked_2A,share_FLAT:slots_full,bars_FLAT:slots_full,share_FLAT:no_signal,bars_FLAT:no_signal,share_FLAT:entered_next,bars_FLAT:entered_next,trades_with,trades_against,pnl_with,pnl_against
BTCUSDT,UP,2021-10-06,2021-11-09,34,31.4,27.806402714161383,89,0.0,0,15.73318528988748,3,0.0,0,56.248902127260855,111,0.0,0,4,0,9.137639102938124,0.0
BTCUSDT,DOWN,2021-11-09,2022-01-23,75,-48.2,18.09637901542846,117,0.0,0,-1.8388063198638722,9,0.0,0,85.88153601006091,323,0.0,0,10,0,117.57786134715985,0.0
BTCUSDT,UP,2022-01-23,2022-03-30,66,35.3,55.59861382502438,71,63.19602054576914,58,-3.3707113549594,7,0.0,0,-33.819585434458915,256,18.50551503459418,3,2,5,254.05645534114058,-12.922366142521128
BTCUSDT,DOWN,2022-03-30,2022-06-19,81,-60.0,42.4016960069378,150,14.125615993511934,16,-0.748973370756304,11,0.0,0,42.40149630790091,307,1.7962370043101996,1,7,3,574.70259516432,-26.68798927177596
BTCUSDT,DOWN,2022-08-14,2022-11-22,100,-35.4,-4.614143467633742,65,9.224360549871664,35,12.588831880904436,15,5.183785176883152,2,78.78662317202415,482,0.0,0,5,4,-124.19024597530205,-53.455150256265284
BTCUSDT,UP,2022-11-22,2024-03-14,478,363.6,53.34301004933194,561,7.253934658658949,223,10.816142468908472,42,-0.31105978403802426,2,28.542821402963614,2036,0.0746974136586584,3,29,19,3820.5549993290483,-83.72005457997781
BTCUSDT,UP,2024-09-07,2025-01-22,137,96.8,32.63836054516827,311,22.22721760974704,96,-2.1631063187794326,20,0.0,0,47.677444569636236,394,0.0,0,14,10,696.9455424511523,-380.4395311625596
BTCUSDT,UP,2025-04-09,2025-10-07,181,63.3,28.23513815424571,236,41.7090040972019,127,-13.039254797798888,25,-0.8646479021693503,1,48.0537758290507,695,-0.7061236354328023,1,11,12,1128.0630299098425,-1367.5516577023354
BTCUSDT,DOWN,2025-10-07,2026-02-06,122,-49.6,45.395254832154244,116,8.497385958378628,49,-2.053137987290084,9,5.4719062314930245,11,42.276675015159725,546,0.0,0,6,5,1534.7671350339417,168.64591727820428
BTCUSDT,UP,2026-02-06,2026-05-11,94,30.7,10.44272656660454,103,30.880260591055603,56,-15.480859820677592,19,-1.8652498922539051,1,68.55623566367846,384,0.0,0,6,4,-141.54105131782347,-88.35673008925369
BTCUSDT,UP,2026-07-01,2026-09-22,83,47.7,43.977802359994975,93,7.641963679476238,29,-9.999060431850335,12,0.0,0,55.92404286987127,363,0.0,0,7,2,3557.4898046060175,-503.9418491697519
ETHUSDT,UP,2021-10-06,2021-11-09,34,36.9,-10.24053886137414,74,12.442593526997337,7,0.3447662689598481,6,0.0,0,100.14608124385069,116,0.0,0,5,1,-63.415118982277974,-73.7103994657215
ETHUSDT,DOWN,2021-11-09,2022-01-23,75,-49.9,1.3161125673873029,106,-6.423514723119568,23,-23.429112982993434,10,0.0,0,128.70131554423622,310,0.0,0,8,1,119.73808422775073,41.25685012495265
ETHUSDT,UP,2022-01-23,2022-04-04,71,46.0,40.13577511919058,140,27.32180388473699,65,2.5713438718879216,2,0.0,0,30.28319275066986,217,-0.7499096874421429,1,5,4,138.63431173577345,129.11284894864554
ETHUSDT,DOWN,2022-04-04,2022-06-19,76,-71.8,56.99437465106565,142,10.719715418579904,19,-2.6122704100493594,12,0.0,0,34.14498570142853,280,0.013735226810350904,2,5,3,851.4623908061382,-184.20296393877544
ETHUSDT,UP,2022-06-19,2022-08-14,56,99.5,35.40625905229361,78,20.83991648568763,4,-6.808268809133082,10,0.0,0,56.76419419763394,243,0.0,0,4,1,319.712614148179,566.7944932050005
ETHUSDT,DOWN,2022-08-14,2022-09-22,39,-37.3,28.69167522133469,71,14.296204368945109,29,18.178749599020342,3,1.8316701873012944,4,37.26235490645844,126,0.0,0,3,3,111.28941167432339,40.38440530259818
ETHUSDT,UP,2022-09-22,2022-11-05,44,32.1,19.505107857953334,36,30.913240309805488,11,2.84736608482737,5,0.0,0,41.6374052529264,211,0.0,0,4,3,33.21559026589672,-225.8506510144671
ETHUSDT,UP,2022-11-10,2023-04-17,158,92.3,32.91935738959056,233,26.13200459978302,93,16.888317599111176,16,0.0,0,14.505480044411831,605,0.0,0,12,8,716.5626335191662,-123.55076841783026
ETHUSDT,UP,2023-10-13,2024-03-12,151,164.5,23.6545913417998,276,8.124998095541104,69,4.971171635161756,25,0.0,0,63.28665651210174,535,0.0,0,17,4,343.8129059569127,-209.85185129623278
ETHUSDT,UP,2024-05-15,2024-05-28,13,35.2,28.196480670148105,31,0.0,0,-4.82043411584333,6,0.0,0,74.26712079423619,40,0.0,0,2,0,138.6192542710589,0.0
ETHUSDT,DOWN,2024-05-28,2024-09-07,102,-42.9,25.44438787555887,185,8.296886232993097,18,0.7620090216632617,7,0.0,0,63.48211245645668,401,0.0,0,13,2,375.982660476933,-190.65916719612346
ETHUSDT,UP,2024-09-07,2024-12-09,93,80.2,1.5482165531130976,158,29.696725867652006,61,9.427351098070796,13,13.491465631730556,9,44.80626080065384,316,0.0,0,10,6,-452.66443053237265,-424.38337686655393
ETHUSDT,DOWN,2024-12-09,2025-04-09,121,-63.3,54.86702850177269,258,6.485960812226104,32,4.409490621391169,12,0.0,0,32.35600668390344,423,0.0,0,10,2,1729.7887487394853,-228.2436950737832
ETHUSDT,UP,2025-04-09,2025-08-23,136,228.0,59.711563262077036,186,19.477084074700098,57,-4.202131149165218,23,0.0,0,28.20058560525398,549,0.0,0,8,6,4798.449203064557,-133.52161703445103
ETHUSDT,DOWN,2025-08-23,2026-02-06,167,-62.2,66.75341368615007,256,0.5785067957054892,150,0.5709448018708514,14,-2.9205435447703456,2,32.0858193608679,579,0.0,0,10,9,2980.7877866707204,-218.75634563074155
ETHUSDT,UP,2026-02-06,2026-04-18,71,32.5,-48.07490076375399,76,37.778737715722144,28,12.351630019066919,7,0.0,0,85.27132150309723,314,0.0,0,7,2,-1163.1214157144834,1720.548334330748
ETHUSDT,DOWN,2026-04-18,2026-06-26,69,-35.2,41.814269397544116,148,10.119734493521557,12,1.7821044326663524,4,0.0,0,44.977300857402895,249,0.0,0,7,2,1618.2255351906028,-494.5837661559833
ETHUSDT,UP,2026-06-26,2026-09-22,88,77.1,35.8912663080031,105,5.123783693121606,25,-9.048348197913255,16,0.0,0,69.14264034261427,381,0.0,0,8,2,1778.2874825839262,-301.9072888458917
SOLUSDT,UP,2021-10-06,2021-11-07,32,56.8,15.141336344808106,67,0.0,0,29.3881646746598,5,0.0,0,64.57322460224407,119,0.0,0,5,0,12.489686358014247,0.0
SOLUSDT,DOWN,2021-11-07,2021-12-14,37,-39.9,11.623547532050102,29,10.5586526276123,15,-2.6348746841507222,9,4.922627930966353,1,72.35526272708499,167,0.0,0,3,1,19.14710612689332,-52.32542763106384
SOLUSDT,DOWN,2021-12-27,2022-01-28,32,-54.8,5.0631413278481086,74,0.0,0,2.6296809021414354,5,5.063256123234429,2,89.30951529078843,110,0.0,0,5,0,-41.9162348455889,0.0
SOLUSDT,UP,2022-01-28,2022-02-08,11,31.3,22.271139738607104,19,18.588932004764537,7,0.0,0,0.0,0,47.43484981791185,39,0.0,0,1,1,8.665165482565447,-43.88186706717816
SOLUSDT,DOWN,2022-02-08,2022-03-14,34,-33.0,-52.48176528805158,8,27.471549277868036,11,13.534894330694486,13,2.5122812381125126,2,108.83549027764698,169,0.0,0,2,2,-140.0545879974768,-50.112525295532194
SOLUSDT,UP,2022-03-14,2022-04-04,21,73.9,67.49986691464449,86,0.0,0,-3.141107719813775,2,0.0,0,33.858794893989774,37,0.0,0,2,0,585.472149783362,0.0
SOLUSDT,DOWN,2022-04-04,2022-05-13,39,-67.4,51.581386970063924,78,4.040687968959405,3,1.2363265815278264,10,-3.5714128706418222,1,46.55876734454325,140,-0.849174175459477,1,3,1,380.97347509396764,617.3059413191163
SOLUSDT,DOWN,2022-05-16,2022-06-14,29,-51.4,-12.689509550758487,27,0.0,0,13.811087710010572,13,-3.730474838237083,1,95.9696670224787,132,0.0,0,3,0,-120.98659815979453,0.0
SOLUSDT,UP,2022-06-14,2022-08-14,61,62.9,-22.51069800792903,48,38.93163417879447,20,-0.37161197236949695,12,0.0,0,81.59933980576803,285,0.0,0,6,3,-208.1830478669117,-135.8800145720004
SOLUSDT,DOWN,2022-08-14,2022-10-23,70,-39.9,21.202117022070695,93,41.419695775227936,36,11.235720772200946,12,0.0,0,26.77367200962268,278,0.0,0,5,5,85.8660347639127,-263.5456760628701
SOLUSDT,UP,2022-10-23,2022-11-06,14,31.8,34.226585879636986,36,0.0,0,0.0,0,0.0,0,61.02136667500682,47,0.0,0,4,1,-95.3860721637167,36.39454177815977
SOLUSDT,DOWN,2022-11-11,2022-12-30,49,-45.4,53.8801017118892,81,1.282326181316055,3,1.871613595986545,7,-0.11745949356021569,2,30.665227523930326,200,0.0,0,2,1,30.58059128537434,-82.79906827509352
SOLUSDT,UP,2022-12-30,2023-02-21,53,173.5,36.81488737595319,73,-4.5721290554520815,15,2.6134031816985503,6,20.13286917432395,3,46.290920378343586,220,0.0,0,3,1,324.30741017335566,58.341601933009336
SOLUSDT,DOWN,2023-02-21,2023-03-10,17,-34.1,26.57321567778529,21,10.908029150014418,5,-9.476433675289556,4,0.0,0,70.67962623377562,71,0.0,0,2,1,55.00778900721444,102.06094967500185
SOLUSDT,UP,2023-03-10,2023-04-17,38,46.4,-5.257925028194866,69,15.220484795111892,6,19.06999850740317,2,0.0,0,73.58649694781145,150,0.0,0,4,1,4.2722803736771695,46.62428903844267
SOLUSDT,DOWN,2023-04-17,2023-06-15,59,-42.9,37.31792516217693,85,20.324228029923784,27,0.141640860771556,6,-0.395193349624187,1,45.95857368718232,234,0.0,0,4,3,215.43125564374273,-100.1952148121209
SOLUSDT,UP,2023-06-15,2023-07-16,31,89.7,1.6956899470938824,40,3.6742630872139825,10,-1.4450097262995916,6,0.0,0,91.40851113483394,129,0.0,0,6,1,-212.3266392363968,186.0273811480666
SOLUSDT,DOWN,2023-07-16,2023-09-12,58,-35.5,-24.517532678394023,47,7.302197622193223,10,18.668529154193628,8,1.2569276296745509,1,93.59575816660592,281,0.0,0,6,1,-296.6536849263781,112.52085067396771
SOLUSDT,UP,2023-09-12,2023-12-26,105,582.7,47.66688661333667,236,3.9399879364387074,5,4.643454580900701,14,0.0,0,42.41226065185092,374,0.0,0,10,2,2323.593784967174,-260.1252416601067
SOLUSDT,DOWN,2023-12-26,2024-01-23,28,-30.6,-41.18679904117391,12,30.868466079994818,4,-5.95972946516125,10,0.0,0,112.9243298177899,141,0.0,0,2,1,-247.18156437663424,499.3162698371574
SOLUSDT,UP,2024-01-23,2024-04-01,69,141.6,6.859504805791955,124,3.4116467563495805,18,2.395142098075217,18,-17.515150044301507,1,103.09894864404541,252,0.0,0,7,2,22.12104817087868,-61.54453395117885
SOLUSDT,DOWN,2024-04-01,2024-05-01,30,-37.5,-38.01972049385214,44,0.0,0,26.058960529936737,9,0.0,0,112.11399946368259,126,0.0,0,4,0,-261.1270443087129,0.0
SOLUSDT,UP,2024-05-01,2024-05-21,20,47.4,33.04395849099638,60,18.776001573652234,3,-2.134511081776194,1,0.0,0,51.38947367844753,55,0.0,0,4,1,141.92851703058057,-141.2389065067816
SOLUSDT,DOWN,2024-05-21,2024-07-05,45,-31.6,-13.911032372305973,80,40.522090156184944,15,-6.390804268889045,4,0.0,0,76.31912404713394,170,0.0,0,4,3,-36.84705419473568,-254.3236797140258
SOLUSDT,UP,2024-07-05,2024-07-29,24,44.7,28.303999450947774,55,17.836673054118375,3,18.66938154642487,8,0.0,0,44.54794089585239,76,-0.43700715821907044,1,2,1,175.34735079267446,-133.96349738570487
SOLUSDT,UP,2024-08-06,2024-11-23,109,98.1,0.8676134848348436,138,4.266718309905533,74,7.149291212285064,13,-4.2671354209919,2,82.42289680707219,426,0.0,0,9,4,-243.65326575087096,441.46469931837703
SOLUSDT,UP,2024-12-23,2025-01-19,27,45.1,52.540264432717485,13,13.276160798126776,32,-3.927574346568451,6,0.0,0,29.792235340257843,110,0.0,0,2,4,145.83097175649584,-84.92962158322612
SOLUSDT,DOWN,2025-01-19,2025-02-27,39,-48.4,6.456254411318005,46,18.036463328431275,11,13.337044921121127,17,0.0,0,58.395992707977086,159,0.0,0,3,2,-159.23418983577625,-50.40637652184827
SOLUSDT,DOWN,2025-03-03,2025-04-09,37,-41.0,-0.20953027429538076,52,20.599527446034383,9,7.02450047650071,6,0.0,0,63.00251606597288,154,0.0,0,4,2,-198.54619422087256,-181.72989661844986
SOLUSDT,UP,2025-04-09,2025-05-14,35,74.4,12.463451005058783,34,33.70328214899834,7,5.1853172828351966,14,0.0,0,52.49495948979271,154,0.0,0,3,2,78.08508119164387,-224.0567391971327
SOLUSDT,UP,2025-06-23,2025-09-19,88,87.9,17.502523620617968,122,6.946576706099759,32,-1.3029050994948448,19,0.9127305226087954,2,74.80094169261854,352,0.0,0,9,2,169.3181816628966,-153.64050661509387
SOLUSDT,DOWN,2025-09-19,2026-06-07,261,-74.9,44.929723777809386,332,12.905080834353564,197,-1.4261892438767678,45,1.8357029040879147,1,41.964999057061846,989,-0.918302323849359,1,14,14,2856.70389778627,-768.1195032803379
SOLUSDT,UP,2026-06-07,2026-09-26,111,96.4,46.67066352131238,155,3.2390888041069843,50,10.215861124219842,13,0.0,0,36.08678942813516,447,0.0,0,8,5,3305.360653527315,1105.6040742064367
XRPUSDT,DOWN,2021-12-24,2022-01-23,30,-40.0,21.990707971193856,27,6.230981865613051,3,14.43072231202939,8,0.0,0,53.327394680209615,141,0.0,0,3,1,68.44349688634107,22.754862594955057
XRPUSDT,UP,2022-01-23,2022-02-09,17,46.8,70.13178509327213,23,7.829815446485642,17,18.00670086740497,3,0.0,0,2.7253469171917573,58,0.0,0,1,1,384.57444348730064,120.75963730027075
XRPUSDT,DOWN,2022-02-09,2022-06-19,130,-64.9,6.053262816261889,82,3.355158689110445,13,-3.903274481917498,20,9.621724057407878,3,81.803281599114,661,0.0,0,5,2,182.26739353184973,389.58009659910186
XRPUSDT,UP,2022-06-19,2022-10-10,113,73.3,9.312007551898757,104,36.68070700781263,105,-3.9608635838748594,10,0.0,0,61.796764968639394,458,0.0,0,7,6,-106.69560685126254,-94.07550353023875
XRPUSDT,DOWN,2022-10-10,2022-11-10,31,-37.6,45.065326127387294,14,-1.7698373364701865,9,1.3942476345612005,3,0.0,0,54.75236224992253,159,0.0,0,2,1,52.83314292793905,4.672816183306342
XRPUSDT,UP,2022-11-10,2023-07-20,252,146.7,23.21577011718473,262,22.60004681450255,189,5.267355545529067,17,-2.4535585471712316,5,45.683485904088286,1038,0.0,0,14,14,547.503352398845,-231.1187390893253
XRPUSDT,DOWN,2023-07-20,2023-09-12,54,-42.1,-16.384716946575022,71,13.364814026073276,8,9.782594614957937,8,0.0,0,96.11402591272996,236,0.0,0,5,1,-182.47334646163137,531.7873158581643
XRPUSDT,UP,2023-09-12,2023-11-07,56,50.9,51.88998991490939,67,2.6227059305369385,20,6.598832446654726,5,-0.09413052432826209,4,36.53405267371179,239,0.0,0,4,2,447.3528453482508,-146.4398131993339
XRPUSDT,UP,2024-02-05,2024-03-12,36,44.0,-87.61365226333967,45,27.714448561126716,8,13.334443941277005,5,-12.560187189065733,3,157.6030042845089,154,0.0,0,7,1,-876.0913251898158,-142.95753098326136
XRPUSDT,DOWN,2024-03-12,2024-07-08,118,-42.1,11.218383349148686,89,-5.163013850716201,16,3.607397044671117,14,0.0,0,81.5111029703484,588,0.0,0,5,3,295.0773789058809,-278.1819710758768
XRPUSDT,UP,2024-07-08,2025-01-18,194,684.7,84.72251790190425,318,0.40182799008947195,86,-2.1650689087715795,18,0.0,0,17.634600036043857,741,0.0,0,13,8,7576.081044090679,-250.59720542752567
XRPUSDT,DOWN,2025-01-18,2025-03-01,42,-34.8,-25.82478059590145,35,32.527976407776414,13,13.692569216818173,7,0.0,0,75.92270606381675,196,0.0,0,5,3,-529.6995318042206,442.69372947558475
XRPUSDT,DOWN,2025-03-03,2025-03-11,8,-31.2,39.45051964937051,17,30.613094834020433,6,0.0,0,0.0,0,16.44870186965255,24,0.0,0,1,2,77.07048631590054,-147.3206201692858
XRPUSDT,UP,2025-04-09,2025-07-23,105,97.9,41.75134446956992,104,11.925816060360152,91,-5.737041002330599,16,-3.5736574034528843,5,59.653711993753134,413,0.0,0,5,5,2252.7954902109755,-386.53146892900725
XRPUSDT,DOWN,2025-07-23,2025-12-19,149,-49.2,1.5075637981083756,143,25.23956486393571,54,-9.868721710611721,28,0.0,0,81.24547888962161,667,-0.5613141989774081,1,9,6,30.738285967299646,2158.5235026403557
XRPUSDT,DOWN,2026-01-06,2026-02-06,31,-48.3,59.76377593299349,44,12.620163063101941,9,-3.5460669088757166,7,0.0,0,33.59705625732435,125,0.0,0,1,1,1668.8751501868096,1631.3507534457644
XRPUSDT,DOWN,2026-03-17,2026-08-17,153,-35.6,-2.2061117782203503,138,8.441209237066957,110,-12.624852434489666,42,-0.26725976307383026,2,106.84836813601683,625,0.0,0,7,8,-484.25764233051433,-335.5933971271119
XRPUSDT,UP,2026-08-17,2026-09-23,37,58.3,60.17252988476458,39,2.09384965226954,12,-1.706751371336431,1,-0.8453295743573724,5,38.278379417784215,164,0.0,0,2,2,4909.2476486985925,-71.22605512728376
ADAUSDT,DOWN,2021-10-06,2021-12-11,66,-45.9,-7.970930464529184,93,1.2653424785018292,23,19.498762857999242,17,0.0,0,85.4922906840734,262,0.0,0,4,2,-5.657113050200607,-64.08852063281361
ADAUSDT,UP,2022-01-11,2022-01-18,7,42.5,19.281214002990417,4,6.0836609570156925,4,7.737997718843398,5,0.0,0,57.4555142923315,28,0.0,0,1,1,4.846733464617814,-30.049714925595115
ADAUSDT,DOWN,2022-01-18,2022-03-14,55,-50.8,-19.56176806269969,45,7.832487058504009,2,9.674610068478,13,0.6539639360419527,4,99.34367330657479,265,0.0,0,4,1,-136.56162074452567,-67.58345407950672
ADAUSDT,UP,2022-03-14,2022-04-05,22,54.1,34.48685529316069,43,0.0,0,0.6737138692219968,5,0.0,0,63.78296070988757,83,0.0,0,2,0,195.1218275668465,0.0
ADAUSDT,DOWN,2022-04-05,2022-05-13,38,-61.0,57.795495079384715,112,9.850598390151474,5,-1.7374467831504485,7,0.0,0,34.10012471882462,103,0.0,0,4,1,468.9863654389269,-77.40464281405596
ADAUSDT,UP,2022-05-13,2022-06-09,27,35.4,-28.38390662335816,18,0.060429483913386636,15,0.0,0,0.0,0,80.895139700024,128,0.0,0,3,1,-176.3914784593183,335.5756266823291
ADAUSDT,DOWN,2022-06-09,2022-07-13,34,-34.9,7.9268722249053125,6,5.4851576847125525,6,-17.58603206320774,10,20.14440696577596,3,85.29794939646045,178,0.0,0,1,1,6.57428257288943,-56.66194124353397
ADAUSDT,UP,2022-07-13,2022-08-15,33,36.6,-13.109805290203228,21,0.0,0,0.7808269042186187,7,12.102128266966169,6,97.7752334012383,163,0.0,0,2,0,-82.67601341592666,0.0
ADAUSDT,DOWN,2022-08-15,2022-10-21,67,-40.3,13.79635440909718,80,19.20736801950389,40,25.653168089593464,11,0.0,0,43.17355413120196,270,0.0,0,6,4,3.7224164246695466,-27.32438069668013
ADAUSDT,DOWN,2022-11-06,2022-12-30,54,-42.8,26.76233047220487,56,0.0,0,1.52727840912922,13,-15.759793678887538,2,87.38627539753865,252,0.0,0,3,0,125.9491465601337,0.0
ADAUSDT,UP,2022-12-30,2023-02-16,48,72.1,56.136735713932836,124,-6.628944552225417,17,6.797138393073837,3,0.0,0,43.54394855375021,143,0.0,0,4,1,864.1459837062044,93.41905931610829
ADAUSDT,UP,2023-03-12,2023-04-16,35,48.4,4.274868298013737,54,0.0,0,25.23926497737262,9,0.0,0,70.1537915560927,146,0.0,0,5,0,34.97462355334841,0.0
ADAUSDT,DOWN,2023-04-16,2023-06-19,64,-42.4,29.335158804716126,65,3.0891824019308594,29,2.107290874935416,7,0.6903350946556466,1,62.235369712936226,280,1.1748821033570196,1,3,3,304.2257901981708,129.4595408134481
ADAUSDT,UP,2023-06-19,2023-07-14,25,36.7,23.8815101215109,3,18.920609669838175,8,-16.255080068176426,7,0.0,0,73.82086550022623,131,0.0,0,2,1,-123.77818762842534,-82.41586097007439
ADAUSDT,DOWN,2023-07-14,2023-09-12,60,-32.1,-5.986628289045552,89,43.402409478551284,27,4.528035565423955,5,0.0,0,61.5762432128622,238,0.0,0,6,2,-139.44465803339682,-116.7340515236391
ADAUSDT,UP,2023-09-12,2023-12-14,93,176.3,47.32286291809229,189,5.82890963809101,8,2.2538934431404964,13,0.0,0,42.620940704925246,347,0.0,0,12,1,1593.4329157515394,-102.71611731736351
ADAUSDT,DOWN,2023-12-14,2024-01-26,43,-30.2,-1.0323448591366775,43,5.795496707152196,19,23.671339374343884,8,0.0,0,66.7340820257048,187,0.0,0,2,3,-85.00203508176119,-27.530146836661167
ADAUSDT,UP,2024-01-26,2024-03-12,46,66.4,-23.29192000774664,83,29.572729393974136,3,13.906755502111807,9,0.0,0,78.59624080931694,180,0.0,0,5,1,-109.28116210912177,-144.94939236261266
ADAUSDT,DOWN,2024-03-12,2024-07-08,118,-55.4,31.687847262894813,144,15.750230277835579,26,-6.20675034115721,15,-2.3076136037993913,1,58.17051809887474,521,0.0,0,6,4,602.6503707744993,-351.33469595165934
ADAUSDT,DOWN,2024-07-22,2024-08-06,15,-30.2,-12.680845778604057,7,8.167398263830616,5,1.8225656501465428,5,-12.657955564213175,4,110.20013092529221,68,0.0,0,1,1,-133.70169685083843,-138.64718311646726
ADAUSDT,UP,2024-08-06,2024-12-07,123,294.2,69.75809331050968,200,-0.4807614241550348,121,-1.3482948833175554,12,0.0,0,28.957671291286687,404,0.0,0,8,7,3006.762384809664,-99.2819249814638
ADAUSDT,DOWN,2024-12-07,2025-01-01,25,-31.3,-22.913963381975076,15,0.0,0,-16.041603615278884,8,0.0,0,133.42718819264581,126,0.0,0,2,0,-181.77272941954507,0.0
ADAUSDT,UP,2025-01-01,2025-01-18,17,34.1,50.97136789609517,47,52.312844420608926,24,7.586594837674568,3,0.0,0,-13.763002118040252,27,0.0,0,2,2,223.59542018918933,-368.25380842003995
ADAUSDT,DOWN,2025-01-18,2025-03-01,42,-44.2,-11.289357011994724,34,5.553594392613429,2,18.98004282201301,8,0.8072857329847709,4,81.77681077395557,203,0.0,0,3,1,-320.58200970731707,13.146544473587248
ADAUSDT,DOWN,2025-03-03,2025-04-09,37,-50.8,36.11803649814083,91,34.834477415754314,4,-0.07515554945800614,5,0.0,0,20.976452223748165,121,0.0,0,3,1,347.1808365295104,-89.99199077913656
ADAUSDT,UP,2025-04-09,2025-05-11,32,50.6,19.141512676431166,36,8.968247158939748,6,6.570636794715426,7,0.0,0,69.68834193165827,142,0.0,0,4,1,-163.98227114897622,-180.25623980779534
ADAUSDT,DOWN,2025-05-11,2025-06-23,43,-35.6,12.150156741807413,72,12.246460824199444,18,9.62829976306602,9,0.0,0,59.2212398193503,158,0.0,0,4,2,78.13691597836404,166.74163350889887
ADAUSDT,UP,2025-06-23,2025-08-18,56,77.4,58.0160854992772,114,11.30298100126742,5,-1.8169956668606098,7,-6.319034150707595,1,37.629207117036565,208,0.0,0,4,1,1265.6516715848536,285.49563623080786
ADAUSDT,DOWN,2025-08-18,2026-01-01,136,-65.3,30.94505690748531,196,13.093813763048031,52,-8.221037626152583,23,0.0,0,60.19676880943066,544,0.0,0,9,5,976.3501290577972,-273.6636864612239
ADAUSDT,DOWN,2026-01-14,2026-06-29,166,-65.9,12.562109530780353,172,7.425709502107688,72,-1.873360785497779,36,10.740637634464603,5,71.99922975460674,710,0.0,0,13,6,1072.831362480392,-416.60748741820873
ADAUSDT,UP,2026-06-29,2026-10-05,98,80.8,35.69488443962781,135,14.048945885790076,20,4.6791327160406,1,8.561251929941829,7,35.49498328393963,424,0.0,0,7,3,1852.3931289663617,-943.6030887496893
