kind,bot,c3,full_cal,full_cagr,full_dd,train_cal,train_cagr,train_dd,oos_cal,oos_cagr,oos_dd
bot,0.0025,0.0,2.0497548568980024,13.718768410335791,6.6928824996649094,2.1600386810003385,12.43057644022314,5.7547934440074,2.410521130525623,16.133334689567413,6.6928824996649094
bot,0.005,0.0,2.168297774480031,27.820551042273323,12.830595211464823,2.2343849624131655,25.109844531363112,11.237922271122047,2.5700063653904888,32.97471136521335,12.830595211464836
bot,0.0075,0.0,2.3084642168487317,41.260069931859555,17.873385097640103,2.1881520935280356,35.99978347241599,16.45213949199128,2.8814186017937575,51.50070429736346,17.87338509764008
bot,0.01,0.0,2.3454412023638205,53.89963428647977,22.98059496531304,2.183785661941539,46.74424959079466,21.405145388323387,2.9600394247368786,68.02346710123632,22.980594965313006
bot,0.0125,0.0,2.4397782977682683,65.33583978820647,26.779416739615623,2.177087034212457,55.33622658762274,25.4175536935482,3.1926120686201673,85.49628907350582,26.779416739615634
bot,0.015,0.0,2.4599537906229587,76.37624953518977,31.04783912052602,2.274035718097986,67.48639570612343,29.676928629146314,3.0284632657555317,94.0272402576005,31.04783912052599
bot,0.0175,0.0,2.4660198957567605,86.31716896836411,35.002624722083,2.270721313050092,76.63256317683378,33.74811463494783,3.0166874661640564,105.59197928195178,35.002624722082956
bot,0.02,0.0,1.9491594935487802,86.78967144773513,44.52671612301957,1.6295529913009357,72.55864345107415,44.52671612301957,2.902205073640546,116.18440866395123,40.03314917998152
bot,0.025,0.0,1.7888272479694145,91.31862410053478,51.04943711260829,1.3730855179264667,70.09524279762034,51.04943711260829,2.8902786671816916,137.6475543133483,47.62431936971958
bot,0.03,0.0,1.421349154429103,81.61378077143624,57.41993831502795,1.1206229717757912,64.34610191376923,57.41993831502795,2.140245015562327,118.3580016085771,55.30114577908725
c3,0.0,0.001,1.5958921567857447,9.000637574159498,5.639878318775315,1.6862503017872486,9.510246517078237,5.639878318775315,2.134943287197686,8.067009614848143,3.7785592072737684
c3,0.0,0.002,1.6313220962075927,18.324385082210483,11.232843057057828,1.727334739558142,19.402880036460466,11.232843057057828,2.1827391853534475,16.36086907498717,7.4955675807588
c3,0.0,0.003,1.667192103985906,27.922740445170025,16.7483641377695,1.768947119005637,29.626970489564684,16.7483641377695,2.2281530834652763,24.83828351220161,11.147476219889041
c3,0.0,0.004,1.7033027155012046,37.742768927580904,22.15857967236019,1.8107266231870047,40.12313014475297,22.15857967236019,2.2712877878560347,33.458366246548856,14.731011378409086
c3,0.0,0.005,1.7320314884655275,47.52423253520266,27.438434492496544,1.8522735586337353,50.823486700755204,27.438434492496544,2.2818258503345015,41.62774498782162,18.2431735453077
c3,0.0,0.0075,1.7932800888852438,71.6048803932853,39.92955748357024,1.9341518487702403,77.22982742742496,39.92955748357024,2.3124331479332856,61.69518187937628,26.679768854946463
c3,0.0,0.01,1.8263284458290592,93.35211381019388,51.11463604664868,1.9618910687489486,100.2813479422731,51.11463604664868,2.3769334507155686,81.19559187567616,34.15980866070628
c3,0.0,0.0125,1.8396568589585753,111.36744145241195,60.537072938404805,1.9570572214061863,118.47451575689814,60.537072938404805,2.3969894798190645,98.86111965719996,41.24386881525339
c3,0.0,0.015,1.8081452533386975,123.6792073699938,68.40114594865821,1.9026729943586609,130.1450131796973,68.40114594865821,2.331225779774186,112.22738655491118,48.14093406507459
c3,0.0,0.02,1.619303056636651,129.0607268419567,79.70140383111506,1.702609318923352,135.70035289412985,79.70140383111506,2.0130247009145976,117.30233705002955,58.271682904206
both,0.0025,0.001,2.8806298086226385,23.749927275529892,8.244699546064139,2.782220578204969,22.93857273817681,8.244699546064139,3.3391052359698814,25.260327045754273,7.564998782800303
both,0.0025,0.002,2.8235338068511155,34.116131817632464,12.082777877442785,2.8011451716963287,33.84561491207807,12.082777877442785,3.877351102004137,34.61646381481644,8.927864127889729
both,0.0025,0.003,2.808170301208244,44.76112176432818,15.939603714585704,2.82900602244681,45.0932349039785,15.939603714585704,4.170090762597646,44.15061899992134,10.587447974973784
both,0.0025,0.004,2.8198520270797087,55.623967872595244,19.725846370102072,2.870033494379756,56.613839787182286,19.725846370102072,4.057641290249089,53.81478943794469,13.262579313569912
both,0.0025,0.005,2.8261938119642434,66.41356426599107,23.499295761260175,2.9077781074730837,68.33073775562737,23.499295761260175,3.940939191899694,62.93492678494399,15.969524958492642
both,0.0025,0.0075,2.5377353752733827,92.84726394406202,36.58666102412662,2.6548060319505717,97.13048837578225,36.58666102412662,3.778837750802103,85.19057482292433,22.544120822557577
both,0.0025,0.01,2.4046410038452515,116.5146101260226,48.45405611053981,2.5193757981337885,122.0739762863106,48.45405611053981,3.6933159782976266,106.62425919442886,28.869519916781005
both,0.0025,0.0125,2.325103665979763,135.86578030354235,58.434289314274764,2.4218089849505278,141.51668689050925,58.434289314274764,3.439865831734541,125.78865531072259,36.56789580287033
both,0.0025,0.015,2.22835498415081,148.7540808071207,66.7551094260722,2.302024244233521,153.6718803252798,66.7551094260722,3.176583124981577,139.9331760192147,44.05147622888863
both,0.0025,0.02,1.9496457760470862,153.41075133314516,78.68647382920298,2.0138115395674006,158.4597290051172,78.68647382920298,2.6229871814624355,144.3565000925366,55.03515271166947
both,0.005,0.001,2.8608312402674807,38.87719905945997,13.589476552215308,2.964071374898853,36.60756372993043,12.350432597521255,3.1761565230438213,43.1623045960696,13.589476552215274
both,0.005,0.002,3.139487917788173,50.276351915855976,16.01418869331932,3.0296303826651814,48.51707261901343,16.01418869331932,3.6742549748466145,53.575718561502114,14.581382873064952
both,0.005,0.003,3.1570601519693464,61.953704200583104,19.623859292619727,3.0968486729913733,60.772122609318835,19.623859292619727,4.068723291006072,64.15564306004524,15.76800349187214
both,0.005,0.004,3.1781118640411194,73.84010149371166,23.233952942052984,3.1547244190788253,73.29671869802286,23.233952942052984,4.351192331999397,74.84670058730403,17.20142316782204
both,0.005,0.005,3.1933962217413963,85.61321508057596,26.809455869491217,3.2080175763359695,86.00520564133134,26.809455869491217,4.532209635990719,84.89245699282075,18.73092019369128
both,0.005,0.0075,3.2306917878570127,114.31616951320534,35.384424457596964,3.3098432952944585,117.11690004883057,35.384424457596964,4.513801759275711,109.24537000933702,24.202518372642633
both,0.005,0.01,3.0258137999531387,139.79143522714432,46.199615861792054,3.113601672365989,143.847201209942,46.199615861792054,4.429002470367898,132.4877353044244,29.91367383306499
both,0.005,0.0125,2.8343295118936487,160.34328858132275,56.57185867362172,2.9063757789645184,164.41907982001797,56.57185867362172,4.365643750558258,152.99062141762408,35.04422947888507
both,0.005,0.015,2.6603792038879766,173.65991249875444,65.27637573055804,2.7105170943554806,176.93273227524878,65.27637573055804,4.185229462308978,167.72516348067995,40.075500039165476
both,0.005,0.02,2.2811174055443684,177.3615640451172,77.75205415294766,2.3245323845950687,180.73716784731633,77.75205415294766,3.276284999359023,171.24224344796883,52.26720003951759
both,0.0075,0.001,2.861484553347763,53.2512980315081,18.60967516641224,2.9612215944815117,48.297157951034734,16.30987631626103,3.375988379337897,62.82604710506059,18.609675166412188
both,0.0075,0.002,3.3061450122527463,65.58595776143761,19.837592579385543,3.075437652244566,61.00927914852969,19.837592579385543,3.8204674546393096,74.3703577151794,19.46629793295823
both,0.0075,0.003,3.354263602763011,78.19196730221533,23.311217173810128,3.1771391813980894,74.06298144899219,23.311217173810128,4.153736995544992,86.06538949706966,20.719990117183006
both,0.0075,0.004,3.404808386628125,90.99230324380392,26.724647296206903,3.2694509957521585,87.3749247137089,26.724647296206903,4.431289734272239,97.84775928505647,22.08110170009595
both,0.0075,0.005,3.446213592599439,103.63554851136053,30.072294048724192,3.3536432212667275,100.85174508444364,30.072294048724192,4.626372464368205,108.87112941463113,23.53272034475049
both,0.0075,0.0075,3.5054947087965096,134.31080284184952,38.31436473283409,3.489868221221001,133.71208389738837,38.31436473283409,4.819025487852783,135.41900792434106,28.100911328584775
both,0.0075,0.01,3.51059700876335,161.2974852354669,45.945884655181736,3.5196933854291923,161.71542630853577,45.945884655181736,4.8837541962852535,160.5284526223491,32.86988783023773
both,0.0075,0.0125,3.3090224581995513,182.77004350266947,55.23384800540616,3.3129044868559006,182.98446288342691,55.23384800540616,4.85008302110371,182.37502941398546,37.60245517869162
both,0.0075,0.015,3.0550562527721827,196.2794039411096,64.24739438529294,3.0436435633798196,195.5461683847216,64.24739438529294,4.698674612235613,197.63643829043022,42.06216744095747
both,0.0075,0.02,2.580746475635359,198.79373104655787,77.02954665378994,2.5719684228466875,198.11756161974344,77.02954665378994,3.935077241367684,200.04477244026157,50.836301340487424
both,0.01,0.001,2.8163780639102356,66.72107866098476,23.690384297465293,2.8801956981489627,59.80293788885902,20.76349809399862,3.3884981049280247,80.2748222969777,23.690384297465272
both,0.01,0.002,3.267251841329322,79.87989469911543,24.448649378254018,3.0362747671572126,73.2752471130675,24.13327275438687,3.792755962785783,92.72776071143198,24.44864937825405
both,0.01,0.003,3.398863260042757,93.29658460293919,27.44934922794321,3.1724295203139157,87.08112580413302,27.44934922794321,4.140672257772778,105.30600699935731,25.432103881605027
both,0.01,0.004,3.4809705239604134,106.88671251261863,30.706009079045614,3.293491622749437,101.12998366990489,30.706009079045614,4.433744268275584,117.93910300008332,26.600339546861907
both,0.01,0.005,3.5480578348600718,120.27216492801051,33.89802830898719,3.4019946677744355,115.3209115552413,33.89802830898719,4.63130388068943,129.70398357424736,28.00593243623203
both,0.01,0.0075,3.666559380792579,152.58715876120462,41.61589733430711,3.5991527918473727,149.78197307600504,41.61589733430711,4.836085162415702,157.8434719251164,32.63868741431987
both,0.01,0.01,3.6972459342765625,180.76000712946413,48.89044719845863,3.6593137229910955,178.90548435649123,48.89044719845863,4.9580881867543205,184.212588167945,37.15395556296768
both,0.01,0.0125,3.659227342254014,202.85598077517056,55.43683455595715,3.620844622431838,200.72816428658092,55.43683455595715,4.968036787191906,206.8197430835901,41.6300748047583
both,0.01,0.015,3.397279799452461,216.3174851139899,63.67373248116148,3.348559008672575,213.21525051560081,63.67373248116148,4.845167008533827,222.1195505760563,45.843528238518005
both,0.01,0.02,2.834317645541803,217.42135079405423,76.71029785106967,2.794834521272569,214.3925885712705,76.71029785106967,4.355022977034604,223.08383907015576,51.224491867562236
both,0.0125,0.001,2.870456914333711,78.86770791141151,27.475663375256843,2.9088754886477735,68.95725758389099,23.70581272832225,3.5920754917885054,98.69465703089115,27.475663375256843
both,0.0125,0.002,3.2860713734814753,92.72570532389497,28.21780015862997,3.086901222494672,82.9837914658043,26.88255486151939,3.971702922818049,112.07271936552638,28.217800158630002
both,0.0125,0.003,3.548473210227329,106.8235408551391,30.104085483090227,3.2331184608799908,97.33007452328835,30.104085483090227,4.312773775638724,125.54579534805063,29.110220447270564
both,0.0125,0.004,3.639438233091299,121.0700626038547,33.26614022544329,3.3637692011945277,111.8996179329645,33.26614022544329,4.6154075143150335,139.03607501605552,30.124333460225273
both,0.0125,0.005,3.714232792852307,135.06341611934545,36.36374553023772,3.481090365614657,126.58548422297358,36.36374553023772,4.795469448118271,151.53943272752633,31.6005417961718
both,0.0125,0.0075,3.851130419095529,168.66985613233402,43.797492626060574,3.7009289193301775,162.0914070539378,43.797492626060574,5.0268408365763495,181.23818824892894,36.05409324484711
both,0.0125,0.01,3.89330409721084,197.6886494227317,50.7765754964673,3.777950568710777,191.83139227406434,50.7765754964673,5.169590163642182,208.8008836618139,40.39021993083981
both,0.0125,0.0125,3.8535088432876177,220.11336147637527,57.120242985763014,3.743196231951154,213.81227831244246,57.120242985763014,5.193586141417925,232.06775212891208,44.68352806901825
both,0.0125,0.015,3.700576451626127,233.30254626128118,63.04491997693012,3.5841712288675738,225.96378830757143,63.04491997693012,5.075376898725976,247.27303599501158,48.720132697353414
both,0.0125,0.02,3.049012319785792,232.81827775101073,76.35858872730543,2.9543769314483255,225.59205305390134,76.35858872730543,4.660960176159473,246.5684031151358,52.90077447482133
both,0.015,0.001,2.8562963985231122,90.60355778619513,31.720642799200725,2.9060892164424006,81.96108553922792,28.203224138990368,3.3931618524561324,107.63327508163529,31.72064279920075
both,0.015,0.002,3.2416655803981707,105.14843704524593,32.436546718779866,3.3152944483571782,96.84027586901784,29.21015836677944,3.742730846897442,121.40126397120726,32.43654671877982
both,0.015,0.003,3.607097443276155,119.91827816171127,33.245089728653184,3.4627243745894956,112.03075138363067,32.35335512284655,4.06803945318029,135.24233664068012,33.24508972865322
both,0.015,0.004,3.804390571247891,134.81568176783676,35.4368667577723,3.595921497548837,127.42819098004716,35.4368667577723,4.356639071206558,149.07507385908073,34.21790775470295
both,0.015,0.005,3.8853689929042883,149.41550597369692,38.45593719581568,3.7163970122165395,142.9175300965163,38.45593719581568,4.54333885264774,161.8586192992836,35.6254782108001
both,0.015,0.0075,4.034149854765231,184.33936503966586,45.69472421108004,3.9441762819228656,180.2280474423484,45.69472421108004,4.818897023620712,192.08045955480824,39.85983900740988
both,0.015,0.01,4.089829999224752,214.279906365255,52.393352879183944,4.031854390011102,211.24236981333854,52.393352879183944,5.00145158802234,219.95980572976163,43.97919321193261
both,0.015,0.0125,4.0505455128523185,237.14881237019526,58.54737630221059,3.99475487883929,233.88241712649557,58.54737630221059,5.06218289389075,243.25685929670388,48.05374764121546
both,0.015,0.015,3.9033163675812066,250.2051066905109,64.10064753361438,3.8375895794292485,245.99197700966567,64.10064753361438,4.975072179352401,258.11013001215605,51.88068046195742
both,0.015,0.02,3.2595597616547503,248.44574963849274,76.22064567160032,3.204077933815609,244.21688889755285,76.22064567160032,4.592729186713441,256.38150050346866,55.82334382901757
both,0.0175,0.001,2.8361078593268894,101.11421264131972,35.65245669652274,2.8289239802547117,91.67645690789261,32.40682943330213,3.358963264628415,119.75529233737525,35.65245669652275
both,0.0175,0.002,3.197668317874829,116.21225320343211,36.34281033896186,3.310997940525833,107.11244710330176,32.35050248514827,3.688652409695194,134.05599493190715,36.34281033896188
both,0.0175,0.003,3.5462545923569966,131.5126747995982,37.08495015643789,3.472334855498235,122.8413078902681,35.37714909486803,4.001606606474314,148.39938154677245,37.08495015643787
both,0.0175,0.004,3.8313508400783984,146.91222824555066,38.34475994961205,3.618553515806545,138.7525659284267,38.34475994961205,4.279507744240678,162.69899191716758,38.01815574142292
both,0.0175,0.005,3.9265441537999815,161.96541990397543,41.248847220330006,3.751012391206188,154.7249370464288,41.248847220330006,4.467971152110101,175.86267657251042,39.360745758050676
both,0.0175,0.0075,4.103427302109307,197.80904224094934,48.2058113078471,4.004579540297334,193.04400568683837,48.2058113078471,4.766247029918614,206.80104037963227,43.38865339574384
both,0.0175,0.01,4.17812033944914,228.27377418034806,54.63551923696974,4.111357133745048,224.62613177078038,54.63551923696974,4.970156612928377,235.10872644859649,47.30408813215894
both,0.0175,0.0125,4.156114413719291,251.20971818774757,60.44340775569287,4.092289708494747,247.35193550497354,60.44340775569287,5.050245048840459,258.43710591241114,51.17318138290112
both,0.0175,0.015,4.010889994880718,263.81360730719916,65.77433129403111,3.9381048547684174,259.02621338817016,65.77433129403111,4.977983146974945,272.8107497463486,54.80346993784665
both,0.0175,0.02,3.406462761756097,260.3718433420436,76.43466597234043,3.3429264863105113,255.5154693512336,76.43466597234043,4.604955293716923,269.5028027996654,58.52452100183893
both,0.02,0.001,2.3782691595035725,101.49010755075874,42.67393669265898,2.04162281411366,87.12408271977459,42.67393669265898,3.2268679790543264,130.939420629714,40.57786729412073
both,0.02,0.002,2.8174466608052864,116.47183806931079,41.33950065128141,2.4686037787316595,102.0508475186332,41.33950065128141,3.5424395805831077,145.82112196777732,41.1640392590053
both,0.02,0.003,3.1367966875387236,131.63544888623116,41.96492855567201,2.869248553619543,117.24118367699985,40.86128527593076,3.830099237803826,160.72984087557137,41.96492855567201
both,0.02,0.004,3.369463753407368,146.87713188521454,43.590654963029394,3.041629379339045,132.58661680018156,43.590654963029394,4.098533277118117,175.57478671114143,42.8384436186881
both,0.02,0.005,3.496518679254207,161.75165427602303,46.26077224633159,3.198572140969976,147.9684173268733,46.26077224633159,4.2914610479542725,189.21193367159336,44.090329973236074
both,0.02,0.0075,3.7427768259739174,197.07150621405765,52.65382238300494,3.5092412136474334,184.77496356251265,52.65382238300494,4.622936938591481,221.1587043970812,47.83943785840694
both,0.02,0.01,3.875508762757787,226.94035264470065,58.557564061140546,3.6706679758158187,214.94537514101188,58.557564061140546,4.861459980853597,250.27291737715308,51.48101976830611
both,0.02,0.0125,3.9023380283675264,249.2287298042128,63.8665148924767,3.70212197319379,236.44162813474642,63.8665148924767,4.976742810896701,274.0994239973967,55.07606770381006
both,0.02,0.015,3.8019681153518015,261.20040536839286,68.70136661948929,3.5980580648529674,247.19150623167388,68.70136661948929,4.936769790836384,288.5354277725064,58.44619862730583
both,0.02,0.02,3.250904501196309,256.8448110447871,79.0071842929468,3.0705073682947415,242.5921415197137,79.0071842929468,4.600950742981912,284.70341823009863,61.87925803473831
both,0.025,0.001,2.1257990771340185,106.02775470422982,49.876658544407405,1.6891759390512475,84.2504515334878,49.876658544407405,3.1838319288525616,153.16454027660137,48.10698042462347
both,0.025,0.002,2.480130310460683,120.97499214384425,48.777675767114516,2.0240940399104033,98.73060280089861,48.777675767114516,3.4700308677029894,168.73396772578278,48.62607110970093
both,0.025,0.003,2.76230838439429,136.0576274527131,49.25504633058823,2.375249101294894,113.43850200931374,47.758570647378185,3.7406564738389543,184.2462079257524,49.2550463305882
both,0.025,0.004,3.021771484255406,151.16908534048986,50.02664368504999,2.7392684186574447,128.2667912686617,46.825199894622635,3.9899214485830803,199.60237863960444,50.02664368505003
both,0.025,0.005,3.2438449980278,165.85672852468494,51.12967130843886,2.928301209152769,143.09845227183845,48.86739513837117,4.176889183761791,213.56297105751403,51.12967130843891
both,0.025,0.0075,3.65043847188871,200.48960430029786,54.92206096451915,3.249235150270398,178.45469101120935,54.92206096451915,4.515770210398915,245.801937646188,54.4318967072672
both,0.025,0.01,3.7904525496006722,229.38651971413168,60.51692158454741,3.423917419304629,207.2049419760242,60.51692158454741,4.763722895836838,274.58029559449983,57.639854709950455
both,0.025,0.0125,3.8207188295844388,250.44608604749814,65.54946784051575,3.468966724855301,227.3889227707218,65.54946784051575,4.889574781987826,297.3120615883014,60.80530001985798
both,0.025,0.015,3.6836929495278996,260.97579367736796,70.84623969834796,3.3449241483279826,236.97529798523664,70.84623969834796,4.858133567651547,309.8112723557528,63.77166622561956
both,0.025,0.02,3.1265430100514204,254.46808671924205,81.38960055919941,2.837359489140438,230.93155546399436,81.38960055919941,4.528864908826851,302.3530047406182,66.7613211759366
both,0.03,0.001,1.6985103880431185,95.30185009191905,56.10907696697567,1.3867342540269858,77.80837899194172,56.10907696697567,2.372499755147434,132.2023606900641,55.72281320713927
both,0.03,0.002,1.9434874944853844,109.17672952788315,56.17567894708375,1.6683686261069721,91.55204411221973,54.87518925949259,2.599767209797266,146.04368811472685,56.17567894708372
both,0.03,0.003,2.1711447094907226,123.14029487470894,56.71676067303386,1.9601271531915763,105.48245314630145,53.814086996626564,2.8171775390720457,159.7811842569958,56.71676067303388
both,0.03,0.004,2.3889653301262572,137.09125925832984,57.38520250986001,2.253082599577743,119.49558881916285,53.036488250167956,3.0203692625761773,173.32450178749053,57.38520250986002
both,0.03,0.005,2.5816096600319565,150.60249106398388,58.33666235278947,2.4731752264087374,133.47859832403137,53.97053831800416,3.1805847114324584,185.5446963952797,58.33666235278948
both,0.03,0.0075,2.979197367423464,182.26715886042246,61.17995432375627,2.801751525664219,166.6683891926445,59.48721279026768,3.4891721402249978,213.46739216668826,61.17995432375627
both,0.03,0.01,3.2268533719350705,208.3704447093086,64.57388071040661,2.995070664024343,193.4033357779463,64.57388071040661,3.7222641437596504,238.0044839391131,63.940783014586955
both,0.03,0.0125,3.2830763297367147,226.99124249624342,69.13980050973927,3.0642837623348833,211.86396803306712,69.13980050973927,3.852817339851152,256.8401969901163,66.66295708688826
both,0.03,0.015,3.1793918686917224,235.67687537076898,74.12640061501664,2.9700718000684256,220.16073210723567,74.12640061501664,3.847427855735247,266.2913687614204,69.21282964785624
both,0.03,0.02,2.728839583539003,227.97550533294975,83.54302198932878,2.5493757967085444,212.9825582434845,83.54302198932878,3.588644370611456,257.5350722058033,71.7638878666383
