kind,rule,bot,c3,tr_cagr,tr_dd,va_cagr,va_dd,fu_cagr,fu_dd,fu_cal,peak_lev
bot,20,0.0075,0.0,35.99978347241599,16.45213949199128,51.50070429736346,17.87338509764008,41.26006993185956,17.873385097640103,2.308464216848732,2.030765304027629
bot,25,0.01,0.0,46.74424959079466,21.405145388323387,68.02346710123632,22.980594965313006,53.89963428647977,22.98059496531304,2.3454412023638205,2.7076125035541447
bot,30,0.015,0.0,67.48639570612343,29.676928629146317,94.0272402576005,31.04783912052599,76.37624953518977,31.04783912052602,2.4599537906229587,4.061608228168006
bot,100,0.0175,0.0,76.63256317683378,33.74811463494783,105.59197928195178,35.00262472208296,86.31716896836411,35.002624722083,2.4660198957567605,4.738584487871514
bot,maxCal,0.015,0.0,67.48639570612343,29.676928629146317,94.0272402576005,31.04783912052599,76.37624953518977,31.04783912052602,2.4599537906229587,4.061608228168006
c3,20,0.0,0.003,29.626970489564684,16.7483641377695,24.83828351220161,11.14747621988904,27.922740445170025,16.7483641377695,1.667192103985906,1.09291381130433
c3,25,0.0,0.004,40.12313014475297,22.15857967236019,33.458366246548856,14.731011378409086,37.7427689275809,22.15857967236019,1.7033027155012046,1.4559158349627939
c3,30,0.0,0.005,50.8234867007552,27.438434492496544,41.62774498782162,18.2431735453077,47.52423253520266,27.438434492496544,1.7320314884655277,1.8189178586212584
c3,100,0.0,0.02,135.70035289412985,79.70140383111506,117.30233705002956,58.271682904206,129.0607268419567,79.70140383111506,1.619303056636651,4.404979308803008
c3,maxCal,0.0,0.01,100.2813479422731,51.11463604664868,81.19559187567616,34.15980866070628,93.35211381019388,51.11463604664868,1.8263284458290592,3.52929339360054
both,20,0.0075,0.002,61.00927914852969,19.837592579385543,74.3703577151794,19.46629793295823,65.58595776143761,19.837592579385543,3.3061450122527463,2.721603148154613
both,25,0.0075,0.003,74.06298144899219,23.311217173810128,86.06538949706966,20.71999011718301,78.19196730221533,23.311217173810128,3.354263602763011,3.067022242927653
both,30,0.015,0.002,96.84027586901784,29.21015836677944,121.40126397120726,32.43654671877982,105.14843704524591,32.436546718779866,3.2416655803981707,4.7524460722949895
both,100,0.0175,0.015,259.02621338817016,65.77433129403111,272.8107497463486,54.80346993784665,263.8136073071992,65.77433129403111,4.010889994880718,8.582516557213392
both,maxCal,0.0175,0.01,224.6261317707804,54.63551923696974,235.10872644859649,47.30408813215894,228.27377418034808,54.63551923696974,4.17812033944914,8.088140506869772
