timestamp,open,high,low,close,volume
1770033600000,0.10492,0.11055,0.1049,0.10954,165858596.0
1770048000000,0.10954,0.11,0.10778,0.10789,73041187.0
1770062400000,0.10789,0.1087,0.10703,0.10792,32237449.0
1770076800000,0.10792,0.10828,0.10562,0.10742,71073334.0
1770091200000,0.10742,0.10903,0.10607,0.10825,57781088.0
1770105600000,0.10825,0.10902,0.10644,0.10664,68142500.0
1770120000000,0.10664,0.11051,0.10554,0.11016,236249668.0
1770134400000,0.11016,0.1102,0.10227,0.10642,276235682.0
1770148800000,0.10642,0.11015,0.10523,0.10602,114907299.0
1770163200000,0.10602,0.10944,0.10551,0.1089,54527917.0
1770177600000,0.1089,0.10916,0.10735,0.10846,42599150.0
1770192000000,0.10846,0.10875,0.10638,0.10731,47674784.0
1770206400000,0.10731,0.1078,0.10275,0.1034,193579025.0
1770220800000,0.1034,0.10555,0.10146,0.10534,222456510.0
1770235200000,0.10534,0.10549,0.10131,0.10384,79033076.0
1770249600000,0.10384,0.10478,0.10222,0.10258,116374110.0
1770264000000,0.10258,0.10359,0.1007,0.10117,137364481.0
1770278400000,0.10117,0.10296,0.09736,0.09873,126977870.0
1770292800000,0.09873,0.10053,0.09266,0.0942,363735741.0
1770307200000,0.0942,0.09544,0.09049,0.09118,407000269.0
1770321600000,0.09118,0.09185,0.08682,0.08847,401611868.0
1770336000000,0.08847,0.0914,0.08044,0.08988,310874886.0
1770350400000,0.08988,0.09353,0.08949,0.09071,129468370.0
1770364800000,0.09071,0.09431,0.09017,0.09372,111021805.0
1770379200000,0.09372,0.09694,0.09304,0.09644,193317752.0
1770393600000,0.09644,0.10211,0.09604,0.09877,203184541.0
1770408000000,0.09877,0.09978,0.09807,0.09846,50240890.0
1770422400000,0.09846,0.099,0.09729,0.09865,67423872.0
1770436800000,0.09865,0.09924,0.09474,0.09585,115242915.0
1770451200000,0.09585,0.0963,0.0948,0.09548,58200697.0
1770465600000,0.09548,0.09772,0.09534,0.09683,93950989.0
1770480000000,0.09683,0.09947,0.09666,0.09835,92507508.0
1770494400000,0.09835,0.09893,0.09767,0.09823,33535239.0
1770508800000,0.09823,0.09851,0.09693,0.09698,25947628.0
1770523200000,0.09698,0.09761,0.09635,0.09688,21469008.0
1770537600000,0.09688,0.09879,0.09624,0.09845,85873577.0
1770552000000,0.09845,0.0986,0.09687,0.0973,52872994.0
1770566400000,0.0973,0.09797,0.09511,0.09772,69596262.0
1770580800000,0.09772,0.09902,0.0959,0.09665,68460713.0
1770595200000,0.09665,0.09747,0.09558,0.09715,62258994.0
1770609600000,0.09715,0.09715,0.09491,0.09534,36752959.0
1770624000000,0.09534,0.09539,0.09241,0.0932,67029611.0
1770638400000,0.0932,0.09561,0.09314,0.09523,84599527.0
1770652800000,0.09523,0.09679,0.09432,0.09637,85124393.0
1770667200000,0.09637,0.097,0.09529,0.09612,36746577.0
1770681600000,0.09612,0.09657,0.09427,0.09487,33797369.0
1770696000000,0.09487,0.09565,0.09296,0.09365,31385257.0
1770710400000,0.09365,0.09423,0.09279,0.09296,26094363.0
1770724800000,0.09296,0.09377,0.09186,0.09302,85029055.0
1770739200000,0.09302,0.09418,0.09218,0.09306,58638512.0
1770753600000,0.09306,0.09318,0.09228,0.09276,20527497.0
1770768000000,0.09276,0.0936,0.09212,0.09302,15409028.0
1770782400000,0.09302,0.09323,0.0902,0.09058,48111232.0
1770796800000,0.09058,0.0907,0.08939,0.09024,41176659.0
1770811200000,0.09024,0.09239,0.08791,0.08903,134127693.0
1770825600000,0.08903,0.09142,0.0887,0.09106,88047297.0
1770840000000,0.09106,0.09226,0.09031,0.09111,41737290.0
1770854400000,0.09111,0.09228,0.09111,0.09216,22131735.0
1770868800000,0.09216,0.09305,0.09149,0.09294,28406866.0
1770883200000,0.09294,0.09427,0.09243,0.0939,32236557.0
1770897600000,0.0939,0.09455,0.09307,0.09324,92154954.0
1770912000000,0.09324,0.09374,0.09078,0.09167,155446477.0
1770926400000,0.09167,0.09346,0.0907,0.09299,40459889.0
1770940800000,0.09299,0.09337,0.09214,0.09295,31204704.0
1770955200000,0.09295,0.09349,0.0918,0.09303,24900157.0
1770969600000,0.09303,0.09412,0.093,0.09396,37048990.0
1770984000000,0.09396,0.09663,0.09293,0.09535,105792163.0
1770998400000,0.09535,0.09698,0.09502,0.09638,62899713.0
1771012800000,0.09638,0.09765,0.09611,0.0967,36640314.0
1771027200000,0.0967,0.09707,0.09631,0.09685,19663374.0
1771041600000,0.09685,0.09705,0.09641,0.09654,16272591.0
1771056000000,0.09654,0.10093,0.09653,0.10062,49077609.0
1771070400000,0.10062,0.10424,0.09916,0.104,68353358.0
1771084800000,0.104,0.10928,0.10249,0.10859,97769756.0
1771099200000,0.10859,0.11362,0.108,0.11103,117246361.0
1771113600000,0.11103,0.11548,0.11053,0.11476,135458840.0
1771128000000,0.11476,0.11756,0.11401,0.11607,113655247.0
1771142400000,0.11607,0.11647,0.11226,0.11272,103424103.0
1771156800000,0.11272,0.11294,0.10698,0.10778,144643408.0
1771171200000,0.10778,0.10778,0.10252,0.10272,91783883.0
1771185600000,0.10272,0.10346,0.10155,0.10269,41092163.0
1771200000000,0.10269,0.10317,0.10161,0.1022,57083480.0
1771214400000,0.1022,0.10358,0.1012,0.10202,45130389.0
1771228800000,0.10202,0.1034,0.10075,0.10161,47860319.0
1771243200000,0.10161,0.10345,0.09851,0.09958,186833025.0
1771257600000,0.09958,0.10127,0.09947,0.10033,58590814.0
1771272000000,0.10033,0.10139,0.0999,0.10102,38244707.0
1771286400000,0.10102,0.10131,0.09964,0.10052,34279909.0
1771300800000,0.10052,0.10079,0.09914,0.09977,33934165.0
1771315200000,0.09977,0.10008,0.09846,0.09887,33117617.0
1771329600000,0.09887,0.10106,0.09842,0.10047,91891178.0
1771344000000,0.10047,0.10359,0.09968,0.10109,124027038.0
1771358400000,0.10109,0.10145,0.1003,0.10066,30247053.0
1771372800000,0.10066,0.10148,0.09993,0.10124,24301232.0
1771387200000,0.10124,0.10177,0.10061,0.10144,19252421.0
1771401600000,0.10144,0.10204,0.09923,0.10009,29578104.0
1771416000000,0.10009,0.1023,0.09944,0.10108,63900621.0
1771430400000,0.10108,0.10118,0.0975,0.09852,91392991.0
1771444800000,0.09852,0.09916,0.09794,0.09855,45420391.0
1771459200000,0.09855,0.099,0.09787,0.09864,24418572.0
1771473600000,0.09864,0.09917,0.0968,0.09835,38890971.0
1771488000000,0.09835,0.09838,0.09715,0.09769,35805276.0
1771502400000,0.09769,0.09835,0.09648,0.09686,89450708.0
1771516800000,0.09686,0.09844,0.09562,0.09811,98333115.0
1771531200000,0.09811,0.09839,0.09736,0.09835,23074263.0
1771545600000,0.09835,0.09949,0.09818,0.09873,21475257.0
1771560000000,0.09873,0.09981,0.09821,0.09859,23567742.0
1771574400000,0.09859,0.09946,0.09829,0.09848,31768410.0
1771588800000,0.09848,0.10054,0.09567,0.10027,127029218.0
1771603200000,0.10027,0.10239,0.09869,0.10026,132273364.0
1771617600000,0.10026,0.10119,0.0997,0.1001,22184518.0
1771632000000,0.1001,0.10031,0.09916,0.09994,19131986.0
1771646400000,0.09994,0.10023,0.09965,0.10008,9746672.0
1771660800000,0.10008,0.10098,0.09983,0.10005,17442920.0
1771675200000,0.10005,0.1008,0.09968,0.10001,24247724.0
1771689600000,0.10001,0.10007,0.09908,0.09948,27518360.0
1771704000000,0.09948,0.0996,0.0984,0.09844,17225795.0
1771718400000,0.09844,0.09856,0.09676,0.09745,24376095.0
1771732800000,0.09745,0.09752,0.09692,0.0973,12732487.0
1771747200000,0.0973,0.09768,0.09708,0.09737,8281678.0
1771761600000,0.09737,0.09741,0.0952,0.09575,37121292.0
1771776000000,0.09575,0.0959,0.09469,0.09508,22740881.0
1771790400000,0.09508,0.09595,0.0946,0.09557,15280058.0
1771804800000,0.09557,0.09577,0.09146,0.09276,166177526.0
1771819200000,0.09276,0.09524,0.0923,0.09488,38179055.0
1771833600000,0.09488,0.09712,0.09439,0.09674,39291189.0
1771848000000,0.09674,0.0976,0.09492,0.09497,88194262.0
1771862400000,0.09497,0.09542,0.09256,0.09284,87836630.0
1771876800000,0.09284,0.09355,0.09251,0.09267,38287749.0
1771891200000,0.09267,0.09363,0.09096,0.09209,67679213.0
1771905600000,0.09209,0.09218,0.09064,0.09126,35295515.0
1771920000000,0.09126,0.0917,0.09076,0.09128,25515266.0
1771934400000,0.09128,0.09258,0.08997,0.09175,69555309.0
1771948800000,0.09175,0.09271,0.09137,0.09202,63125823.0
1771963200000,0.09202,0.09241,0.09132,0.09138,23587780.0
1771977600000,0.09138,0.09496,0.0909,0.09275,79293407.0
1771992000000,0.09275,0.09297,0.09137,0.09285,20703841.0
1772006400000,0.09285,0.09427,0.09249,0.09408,27842219.0
1772020800000,0.09408,0.10264,0.09402,0.10158,148951170.0
1772035200000,0.10158,0.10431,0.1008,0.10407,98333429.0
1772049600000,0.10407,0.10617,0.09949,0.10095,117643767.0
1772064000000,0.10095,0.10161,0.09982,0.10082,70651645.0
1772078400000,0.10082,0.10168,0.09933,0.09957,43551906.0
1772092800000,0.09957,0.10053,0.09828,0.0985,47155278.0
1772107200000,0.0985,0.09947,0.09743,0.09858,105254752.0
1772121600000,0.09858,0.09878,0.0954,0.09736,101415490.0
1772136000000,0.09736,0.09763,0.09644,0.09699,17567549.0
1772150400000,0.09699,0.09768,0.09624,0.09755,21822346.0
1772164800000,0.09755,0.0991,0.09748,0.09844,31100633.0
1772179200000,0.09844,0.09863,0.09474,0.095,46178479.0
1772193600000,0.095,0.09548,0.09363,0.09404,60010595.0
1772208000000,0.09404,0.09428,0.09274,0.09304,46213208.0
1772222400000,0.09304,0.09347,0.092,0.09337,22910027.0
1772236800000,0.09337,0.09377,0.09311,0.09322,17604593.0
1772251200000,0.09322,0.09342,0.08804,0.08935,227191763.0
1772265600000,0.08935,0.08947,0.08773,0.08873,85542850.0
1772280000000,0.08873,0.09194,0.08856,0.09081,147291217.0
1772294400000,0.09081,0.09344,0.09018,0.09285,67090914.0
1772308800000,0.09285,0.095,0.09262,0.09408,73206088.0
1772323200000,0.09408,0.09788,0.09309,0.09608,99550603.0
1772337600000,0.09608,0.09661,0.09435,0.09485,57359004.0
1772352000000,0.09485,0.09491,0.0932,0.09353,47988989.0
1772366400000,0.09353,0.0955,0.09251,0.09386,112043822.0
1772380800000,0.09386,0.09453,0.09152,0.0918,110526617.0
1772395200000,0.0918,0.0933,0.09055,0.09188,53161856.0
1772409600000,0.09188,0.09448,0.09183,0.09327,60921700.0
1772424000000,0.09327,0.09354,0.09116,0.09175,30500909.0
1772438400000,0.09175,0.09296,0.09132,0.09184,43349051.0
1772452800000,0.09184,0.09664,0.0908,0.09569,191189107.0
1772467200000,0.09569,0.09768,0.09433,0.09551,152337724.0
1772481600000,0.09551,0.09597,0.09332,0.09355,49424692.0
1772496000000,0.09355,0.09385,0.0921,0.09259,44790974.0
1772510400000,0.09259,0.09264,0.09116,0.09137,42076179.0
1772524800000,0.09137,0.09158,0.08925,0.09007,90014659.0
1772539200000,0.09007,0.0911,0.0887,0.09022,205512688.0
1772553600000,0.09022,0.09242,0.0891,0.08942,184744027.0
1772568000000,0.08942,0.09086,0.08853,0.08997,69858849.0
1772582400000,0.08997,0.09064,0.08861,0.08939,82987131.0
1772596800000,0.08939,0.09056,0.08873,0.09013,66230514.0
1772611200000,0.09013,0.09346,0.08971,0.0923,153326499.0
1772625600000,0.0923,0.09919,0.09147,0.09904,216619633.0
1772640000000,0.09904,0.10429,0.09746,0.10274,265134500.0
1772654400000,0.10274,0.1035,0.09886,0.09891,118094535.0
1772668800000,0.09891,0.09923,0.09592,0.09619,80688607.0
1772683200000,0.09619,0.09733,0.09521,0.09569,51380368.0
1772697600000,0.09569,0.09801,0.09531,0.09593,74673745.0
1772712000000,0.09593,0.09646,0.0939,0.09427,159615125.0
1772726400000,0.09427,0.09456,0.09273,0.09392,79184104.0
1772740800000,0.09392,0.09479,0.09345,0.09358,31193502.0
1772755200000,0.09358,0.09433,0.09316,0.0939,30123257.0
1772769600000,0.0939,0.09436,0.093,0.094,43430697.0
1772784000000,0.094,0.09401,0.09244,0.09309,5954933.0
1772798400000,0.09309,0.09355,0.09001,0.09028,20012790.0
1772812800000,0.09028,0.09126,0.09001,0.09087,8789323.0
1772827200000,0.09087,0.0916,0.09057,0.09128,4315024.0
1772841600000,0.09128,0.09212,0.09105,0.09108,5196155.0
1772856000000,0.09108,0.09126,0.09038,0.09058,3412788.0
1772870400000,0.09058,0.09087,0.09004,0.0906,4399252.0
1772884800000,0.0906,0.09067,0.08943,0.09002,6963406.0
1772899200000,0.09002,0.09063,0.0893,0.0896,4541453.0
1772913600000,0.0896,0.0902,0.08942,0.08992,2544002.0
1772928000000,0.08992,0.0902,0.08879,0.08934,5190957.0
1772942400000,0.08934,0.08971,0.08876,0.08933,5413979.0
1772956800000,0.08933,0.09133,0.08896,0.08937,7583709.0
1772971200000,0.08937,0.08949,0.08792,0.08872,10040037.0
1772985600000,0.08872,0.0897,0.0882,0.08933,5107075.0
1773000000000,0.08933,0.0901,0.08664,0.08914,11817689.0
1773014400000,0.08914,0.09167,0.089,0.09038,11890364.0
1773028800000,0.09038,0.09179,0.08933,0.08999,9788368.0
1773043200000,0.08999,0.0914,0.08976,0.09037,7415296.0
1773057600000,0.09037,0.09244,0.09037,0.09112,12243843.0
1773072000000,0.09112,0.09285,0.09066,0.09128,9178074.0
1773086400000,0.09128,0.09183,0.09021,0.0905,5522434.0
1773100800000,0.0905,0.09237,0.09033,0.09122,8307435.0
1773115200000,0.09122,0.09247,0.09114,0.09234,7017359.0
1773129600000,0.09234,0.09591,0.09224,0.09451,16661616.0
1773144000000,0.09451,0.09973,0.09429,0.09914,36390673.0
1773158400000,0.09914,0.10046,0.0943,0.09474,24543818.0
1773172800000,0.09474,0.09532,0.09388,0.09453,7381189.0
1773187200000,0.09453,0.09489,0.09243,0.09261,10254743.0
1773201600000,0.09261,0.09324,0.09148,0.09193,13122097.0
1773216000000,0.09193,0.09242,0.09152,0.09197,6560551.0
1773230400000,0.09197,0.09483,0.0912,0.09234,21984795.0
1773244800000,0.09234,0.0946,0.09224,0.09385,10684865.0
1773259200000,0.09385,0.09421,0.09277,0.09289,4362680.0
1773273600000,0.09289,0.09304,0.09181,0.09216,4594486.0
1773288000000,0.09216,0.09298,0.09181,0.0929,6248353.0
1773302400000,0.0929,0.09521,0.09241,0.09471,27819922.0
1773316800000,0.09471,0.09584,0.09316,0.09409,55549250.0
1773331200000,0.09409,0.0949,0.09334,0.09446,19553732.0
1773345600000,0.09446,0.09534,0.09404,0.09474,15393359.0
1773360000000,0.09474,0.09804,0.09454,0.09675,52819042.0
1773374400000,0.09675,0.0969,0.09579,0.09652,16483038.0
1773388800000,0.09652,0.10037,0.09609,0.10004,67285405.0
1773403200000,0.10004,0.10196,0.09731,0.09798,105130479.0
1773417600000,0.09798,0.09847,0.09544,0.09602,45553412.0
1773432000000,0.09602,0.0968,0.09547,0.09598,18001706.0
1773446400000,0.09598,0.09625,0.09515,0.09605,31558797.0
1773460800000,0.09605,0.09643,0.09428,0.09462,24670239.0
1773475200000,0.09462,0.09553,0.094,0.09526,21243749.0
1773489600000,0.09526,0.09567,0.09446,0.09494,24576225.0
1773504000000,0.09494,0.09544,0.09436,0.09481,9431258.0
1773518400000,0.09481,0.09618,0.09459,0.09603,12245623.0
1773532800000,0.09603,0.09744,0.09541,0.09599,30277217.0
1773547200000,0.09599,0.09648,0.09553,0.09561,20354325.0
1773561600000,0.09561,0.09663,0.09561,0.09641,22478670.0
1773576000000,0.09641,0.09665,0.09476,0.09498,27049511.0
1773590400000,0.09498,0.09582,0.09447,0.09519,17095495.0
1773604800000,0.09519,0.09809,0.09496,0.09741,38194921.0
1773619200000,0.09741,0.10141,0.09704,0.09998,70946607.0
1773633600000,0.09998,0.10263,0.09982,0.10201,77539419.0
1773648000000,0.10201,0.10294,0.09938,0.09996,73826892.0
1773662400000,0.09996,0.10344,0.09973,0.10008,93025096.0
1773676800000,0.10008,0.10297,0.09989,0.102,31464022.0
1773691200000,0.102,0.10373,0.10123,0.10304,34455428.0
1773705600000,0.10304,0.10445,0.10072,0.10125,65854275.0
1773720000000,0.10125,0.10166,0.0995,0.10053,35532726.0
1773734400000,0.10053,0.10143,0.09998,0.10015,26119390.0
1773748800000,0.10015,0.10053,0.09832,0.09965,54244031.0
1773763200000,0.09965,0.10113,0.09941,0.10024,18994633.0
1773777600000,0.10024,0.10174,0.09995,0.10015,13762753.0
1773792000000,0.10015,0.1018,0.09967,0.10115,18389487.0
1773806400000,0.10115,0.10125,0.09923,0.09956,29181952.0
1773820800000,0.09956,0.1001,0.09663,0.09711,36617399.0
1773835200000,0.09711,0.09712,0.094,0.09436,73464749.0
1773849600000,0.09436,0.09556,0.09332,0.09464,65239568.0
1773864000000,0.09464,0.09562,0.09393,0.09527,20694161.0
1773878400000,0.09527,0.09607,0.09445,0.09544,17379462.0
1773892800000,0.09544,0.09552,0.09321,0.09438,31265400.0
1773907200000,0.09438,0.09539,0.09379,0.09403,22477426.0
1773921600000,0.09403,0.09403,0.09216,0.0929,34699134.0
1773936000000,0.0929,0.09396,0.09177,0.09335,21009286.0
1773950400000,0.09335,0.09382,0.093,0.09353,13623984.0
1773964800000,0.09353,0.09468,0.0935,0.0941,16867314.0
1773979200000,0.0941,0.09541,0.09364,0.09408,18539568.0
1773993600000,0.09408,0.0951,0.0935,0.09409,15311771.0
1774008000000,0.09409,0.09445,0.0931,0.09421,23293810.0
1774022400000,0.09421,0.09446,0.09289,0.09371,14531911.0
1774036800000,0.09371,0.09493,0.0932,0.09416,12342819.0
1774051200000,0.09416,0.09497,0.09393,0.09472,10911167.0
1774065600000,0.09472,0.09494,0.09429,0.09434,8197583.0
1774080000000,0.09434,0.0945,0.09384,0.094,5636721.0
1774094400000,0.094,0.09466,0.09354,0.09465,15028483.0
1774108800000,0.09465,0.09467,0.09389,0.09408,7888288.0
1774123200000,0.09408,0.09442,0.09071,0.09135,20702701.0
1774137600000,0.09135,0.09287,0.09005,0.09235,42060232.0
1774152000000,0.09235,0.09283,0.09133,0.09133,16362989.0
1774166400000,0.09133,0.09164,0.09076,0.09113,18558359.0
1774180800000,0.09113,0.09198,0.0911,0.09163,13627150.0
1774195200000,0.09163,0.09177,0.09011,0.09049,13562447.0
1774209600000,0.09049,0.0908,0.08919,0.09014,29400475.0
1774224000000,0.09014,0.09147,0.08978,0.09064,14367466.0
1774238400000,0.09064,0.09125,0.08977,0.09045,13037603.0
1774252800000,0.09045,0.09534,0.08926,0.09253,54367573.0
1774267200000,0.09253,0.09577,0.09188,0.09379,47889134.0
1774281600000,0.09379,0.09579,0.09307,0.09489,24373055.0
1774296000000,0.09489,0.09549,0.09352,0.09416,16107470.0
1774310400000,0.09416,0.0944,0.09271,0.09379,13487102.0
1774324800000,0.09379,0.09542,0.09318,0.09525,14419878.0
1774339200000,0.09525,0.09561,0.09362,0.09425,25072835.0
1774353600000,0.09425,0.09468,0.09268,0.09334,27634875.0
1774368000000,0.09334,0.09378,0.09246,0.09311,14525237.0
1774382400000,0.09311,0.09543,0.09304,0.09511,20351728.0
1774396800000,0.09511,0.09549,0.0944,0.09521,18814271.0
1774411200000,0.09521,0.09769,0.09498,0.09678,45100654.0
1774425600000,0.09678,0.09749,0.09644,0.09697,21276634.0
1774440000000,0.09697,0.09794,0.0956,0.09596,38362103.0
1774454400000,0.09596,0.09704,0.09582,0.09641,14858846.0
1774468800000,0.09641,0.09679,0.09574,0.09617,10296953.0
1774483200000,0.09617,0.09628,0.09421,0.09459,21749369.0
1774497600000,0.09459,0.09462,0.09225,0.09275,25468624.0
1774512000000,0.09275,0.09276,0.09114,0.09135,41019191.0
1774526400000,0.09135,0.09221,0.09064,0.09096,32464746.0
1774540800000,0.09096,0.09156,0.0906,0.09108,21946349.0
1774555200000,0.09108,0.09275,0.09096,0.09205,16011807.0
1774569600000,0.09205,0.09271,0.09177,0.09196,9048610.0
1774584000000,0.09196,0.09235,0.09139,0.09222,10243461.0
1774598400000,0.09222,0.09242,0.08929,0.09012,28803254.0
1774612800000,0.09012,0.09093,0.08932,0.09035,28178343.0
1774627200000,0.09035,0.09053,0.08946,0.09008,15095597.0
1774641600000,0.09008,0.09032,0.08966,0.09012,9095864.0
1774656000000,0.09012,0.09068,0.08982,0.0899,8680248.0
1774670400000,0.0899,0.09129,0.08969,0.09121,8086589.0
1774684800000,0.09121,0.09215,0.09082,0.09133,16301687.0
1774699200000,0.09133,0.09531,0.09114,0.09402,50256341.0
1774713600000,0.09402,0.0943,0.09197,0.09227,26310779.0
1774728000000,0.09227,0.09246,0.09045,0.09099,14617292.0
1774742400000,0.09099,0.09168,0.09054,0.09146,11865573.0
1774756800000,0.09146,0.09147,0.09069,0.09119,9319483.0
1774771200000,0.09119,0.09137,0.0904,0.09097,9149905.0
1774785600000,0.09097,0.09097,0.09004,0.09017,14714687.0
1774800000000,0.09017,0.09079,0.08992,0.09062,11859915.0
1774814400000,0.09062,0.09157,0.08798,0.09045,27355737.0
1774828800000,0.09045,0.09288,0.09026,0.09244,24582037.0
1774843200000,0.09244,0.09364,0.09244,0.09334,43113984.0
1774857600000,0.09334,0.0939,0.09217,0.09288,20766476.0
1774872000000,0.09288,0.09331,0.09232,0.09289,24688149.0
1774886400000,0.09289,0.09304,0.09048,0.09094,24989870.0
1774900800000,0.09094,0.09154,0.09042,0.09084,16951371.0
1774915200000,0.09084,0.09278,0.09056,0.09167,25858519.0
1774929600000,0.09167,0.09196,0.09101,0.0913,13115256.0
1774944000000,0.0913,0.09152,0.08938,0.09035,26125585.0
1774958400000,0.09035,0.09191,0.09019,0.09042,27677840.0
1774972800000,0.09042,0.09262,0.09031,0.09217,31192371.0
1774987200000,0.09217,0.09283,0.09137,0.0923,18662749.0
1775001600000,0.0923,0.09274,0.09162,0.09247,15998418.0
1775016000000,0.09247,0.09451,0.09217,0.09324,37680417.0
1775030400000,0.09324,0.09342,0.09189,0.09253,32341277.0
1775044800000,0.09253,0.09323,0.09213,0.09307,64350683.0
1775059200000,0.09307,0.09429,0.09239,0.09283,57349467.0
1775073600000,0.09283,0.09335,0.09208,0.09219,34783988.0
1775088000000,0.09219,0.0927,0.08953,0.09015,104224138.0
1775102400000,0.09015,0.09036,0.08928,0.09026,47210369.0
1775116800000,0.09026,0.09056,0.08953,0.08996,29229157.0
1775131200000,0.08996,0.09119,0.08901,0.09033,65589076.0
1775145600000,0.09033,0.09083,0.08964,0.09028,29207804.0
1775160000000,0.09028,0.09073,0.09011,0.09042,15016987.0
1775174400000,0.09042,0.09077,0.08991,0.0906,26698220.0
1775188800000,0.0906,0.09153,0.0903,0.09118,27559259.0
1775203200000,0.09118,0.09167,0.09105,0.09147,24208711.0
1775217600000,0.09147,0.09221,0.09084,0.09149,46065831.0
1775232000000,0.09149,0.09259,0.09125,0.09177,37340274.0
1775246400000,0.09177,0.09235,0.09125,0.09155,22480878.0
1775260800000,0.09155,0.09156,0.09093,0.09124,13913465.0
1775275200000,0.09124,0.09151,0.09101,0.09136,8424242.0
1775289600000,0.09136,0.09138,0.09074,0.09114,10259294.0
1775304000000,0.09114,0.09189,0.09076,0.09178,24446067.0
1775318400000,0.09178,0.09311,0.09154,0.09228,42737877.0
1775332800000,0.09228,0.09241,0.09182,0.09206,12880025.0
1775347200000,0.09206,0.09215,0.09131,0.09137,18907852.0
1775361600000,0.09137,0.09139,0.0899,0.09012,38600210.0
1775376000000,0.09012,0.09064,0.09001,0.09036,14822587.0
1775390400000,0.09036,0.09146,0.08971,0.09068,48750576.0
1775404800000,0.09068,0.09087,0.09022,0.09054,21956297.0
1775419200000,0.09054,0.09243,0.09023,0.09235,49069702.0
1775433600000,0.09235,0.09361,0.09148,0.09231,99552317.0
1775448000000,0.09231,0.09287,0.09174,0.09209,37499209.0
1775462400000,0.09209,0.09347,0.09192,0.09303,43865991.0
1775476800000,0.09303,0.09312,0.0921,0.09282,46191896.0
1775491200000,0.09282,0.09291,0.09163,0.09191,30372523.0
1775505600000,0.09191,0.09197,0.08992,0.0906,57598309.0
1775520000000,0.0906,0.09096,0.09025,0.09053,34094025.0
1775534400000,0.09053,0.09081,0.09025,0.09062,37665923.0
1775548800000,0.09062,0.09145,0.09032,0.09052,45531549.0
1775563200000,0.09052,0.09088,0.09007,0.0904,57157814.0
1775577600000,0.0904,0.09235,0.09035,0.09227,75875394.0
1775592000000,0.09227,0.09604,0.09206,0.09492,203518611.0
1775606400000,0.09492,0.09525,0.09377,0.09458,71580337.0
1775620800000,0.09458,0.09506,0.09437,0.09458,44131622.0
1775635200000,0.09458,0.0956,0.0938,0.09424,83040665.0
1775649600000,0.09424,0.0951,0.09264,0.09343,115580404.0
1775664000000,0.09343,0.09413,0.09275,0.09313,52651224.0
1775678400000,0.09313,0.09379,0.09213,0.09241,45223773.0
1775692800000,0.09241,0.09246,0.09113,0.09156,47428510.0
1775707200000,0.09156,0.09182,0.09092,0.09139,42682376.0
1775721600000,0.09139,0.09207,0.0912,0.09169,24576021.0
1775736000000,0.09169,0.09324,0.09097,0.09288,90262331.0
1775750400000,0.09288,0.09388,0.09209,0.0938,80357713.0
1775764800000,0.0938,0.09498,0.09233,0.09258,70739009.0
1775779200000,0.09258,0.09282,0.09194,0.09219,41951447.0
1775793600000,0.09219,0.09318,0.09212,0.09228,28838633.0
1775808000000,0.09228,0.09269,0.09196,0.09246,29658880.0
1775822400000,0.09246,0.09458,0.09233,0.09331,88921040.0
1775836800000,0.09331,0.09526,0.09331,0.09505,77429815.0
1775851200000,0.09505,0.09519,0.09355,0.09369,45137752.0
1775865600000,0.09369,0.09409,0.09325,0.09366,24788942.0
1775880000000,0.09366,0.09386,0.09268,0.09288,25070790.0
1775894400000,0.09288,0.09307,0.09262,0.09294,17878879.0
1775908800000,0.09294,0.09309,0.09227,0.09274,39823914.0
1775923200000,0.09274,0.09477,0.09273,0.0947,57283322.0
1775937600000,0.0947,0.09489,0.09281,0.09308,56075311.0
1775952000000,0.09308,0.09325,0.0907,0.09117,100522601.0
1775966400000,0.09117,0.09162,0.09101,0.09139,35739765.0
1775980800000,0.09139,0.09143,0.09097,0.09133,21639588.0
1775995200000,0.09133,0.09143,0.09032,0.09065,39499337.0
1776009600000,0.09065,0.09131,0.09056,0.09093,20348305.0
1776024000000,0.09093,0.09175,0.0905,0.09085,42899980.0
1776038400000,0.09085,0.09153,0.09076,0.09118,32283732.0
1776052800000,0.09118,0.09154,0.09082,0.0909,35276758.0
1776067200000,0.0909,0.09129,0.09071,0.09093,20919572.0
1776081600000,0.09093,0.09262,0.09082,0.09171,77353596.0
1776096000000,0.09171,0.09323,0.09137,0.09311,66474261.0
1776110400000,0.09311,0.09435,0.09244,0.09412,132460301.0
1776124800000,0.09412,0.09428,0.09304,0.09355,59369347.0
1776139200000,0.09355,0.09373,0.09269,0.0936,44530425.0
1776153600000,0.0936,0.09575,0.0934,0.09431,93837816.0
1776168000000,0.09431,0.098,0.09372,0.09541,201579407.0
1776182400000,0.09541,0.09602,0.0924,0.09283,88757028.0
1776196800000,0.09283,0.09339,0.09242,0.09296,51462388.0
1776211200000,0.09296,0.09362,0.09295,0.09316,37984936.0
1776225600000,0.09316,0.09393,0.09267,0.09281,38007333.0
1776240000000,0.09281,0.09375,0.09263,0.09354,34932207.0
1776254400000,0.09354,0.09416,0.09313,0.0936,58256249.0
1776268800000,0.0936,0.09677,0.0935,0.09605,103042449.0
1776283200000,0.09605,0.09618,0.0944,0.09489,57947123.0
1776297600000,0.09489,0.09742,0.09452,0.09703,80968886.0
1776312000000,0.09703,0.09791,0.09611,0.0965,95231969.0
1776326400000,0.0965,0.09661,0.09533,0.09636,63644188.0
1776340800000,0.09636,0.09773,0.09452,0.09731,192657837.0
1776355200000,0.09731,0.09985,0.09641,0.09944,260421837.0
1776369600000,0.09944,0.0998,0.098,0.09921,88154867.0
1776384000000,0.09921,0.09962,0.09734,0.09774,92329360.0
1776398400000,0.09774,0.09854,0.09671,0.09809,65159975.0
1776412800000,0.09809,0.09952,0.09771,0.09872,103611832.0
1776427200000,0.09872,0.10153,0.09846,0.10057,263152539.0
1776441600000,0.10057,0.10217,0.09983,0.10002,136197497.0
1776456000000,0.10002,0.10063,0.09885,0.09941,53317365.0
1776470400000,0.09941,0.09976,0.09817,0.09853,60477916.0
1776484800000,0.09853,0.09908,0.0981,0.09889,31116660.0
1776499200000,0.09889,0.09889,0.09554,0.09601,128147654.0
1776513600000,0.09601,0.09643,0.09547,0.09602,63433342.0
1776528000000,0.09602,0.09619,0.09434,0.0948,65273295.0
1776542400000,0.0948,0.09536,0.09463,0.09479,32866734.0
1776556800000,0.09479,0.09511,0.09438,0.09475,44121757.0
1776571200000,0.09475,0.09521,0.09352,0.09415,64868467.0
1776585600000,0.09415,0.09496,0.09347,0.09454,59877044.0
1776600000000,0.09454,0.09644,0.09429,0.09559,141566308.0
1776614400000,0.09559,0.09568,0.09386,0.0945,79367291.0
1776628800000,0.0945,0.09451,0.09257,0.09304,83744956.0
1776643200000,0.09304,0.09433,0.09292,0.09425,47787850.0
1776657600000,0.09425,0.09544,0.09359,0.09459,76609476.0
1776672000000,0.09459,0.09502,0.09406,0.09452,60198824.0
1776686400000,0.09452,0.09543,0.09408,0.09498,101177887.0
1776700800000,0.09498,0.09579,0.09437,0.09553,68976816.0
1776715200000,0.09553,0.0961,0.09499,0.09521,34299802.0
1776729600000,0.09521,0.09586,0.09461,0.09489,32707865.0
1776744000000,0.09489,0.09582,0.09488,0.09527,35465389.0
1776758400000,0.09527,0.09593,0.09518,0.09545,37837398.0
1776772800000,0.09545,0.09571,0.09445,0.09478,59531533.0
1776787200000,0.09478,0.09518,0.09357,0.09385,71772879.0
1776801600000,0.09385,0.09526,0.09379,0.09519,33244941.0
1776816000000,0.09519,0.09693,0.09487,0.09629,70274852.0
1776830400000,0.09629,0.09831,0.096,0.09752,80887684.0
1776844800000,0.09752,0.09856,0.09731,0.09801,52805313.0
1776859200000,0.09801,0.09831,0.09736,0.09788,74059733.0
1776873600000,0.09788,0.0982,0.09629,0.09669,58552960.0
1776888000000,0.09669,0.0969,0.09557,0.09563,40089344.0
1776902400000,0.09563,0.09658,0.09529,0.09559,81877746.0
1776916800000,0.09559,0.09646,0.09553,0.09593,38057922.0
1776931200000,0.09593,0.0963,0.09531,0.09619,38748174.0
1776945600000,0.09619,0.09803,0.09586,0.09735,87454827.0
1776960000000,0.09735,0.09744,0.09515,0.09622,83823368.0
1776974400000,0.09622,0.09768,0.09615,0.09712,40547312.0
1776988800000,0.09712,0.09803,0.09688,0.09721,56192676.0
1777003200000,0.09721,0.09814,0.09697,0.0978,51021601.0
1777017600000,0.0978,0.09853,0.09681,0.0982,63125523.0
1777032000000,0.0982,0.09852,0.09724,0.09809,59693745.0
1777046400000,0.09809,0.09847,0.09765,0.0984,38753279.0
1777060800000,0.0984,0.0995,0.09786,0.09841,65532989.0
1777075200000,0.09841,0.0991,0.09803,0.09882,42115264.0
1777089600000,0.09882,0.09908,0.0981,0.09843,31834728.0
1777104000000,0.09843,0.09866,0.09786,0.09797,31771181.0
1777118400000,0.09797,0.09879,0.09773,0.09818,28932717.0
1777132800000,0.09818,0.09833,0.09737,0.09769,34421986.0
1777147200000,0.09769,0.09824,0.0976,0.09798,13687944.0
1777161600000,0.09798,0.09844,0.09757,0.09777,25100912.0
1777176000000,0.09777,0.09871,0.09747,0.09854,28836725.0
1777190400000,0.09854,0.09917,0.09829,0.09901,25981494.0
1777204800000,0.09901,0.09915,0.09812,0.09901,42293408.0
1777219200000,0.09901,0.09967,0.09848,0.09919,36817506.0
1777233600000,0.09919,0.09992,0.09868,0.09921,51845091.0
1777248000000,0.09921,0.10085,0.0989,0.10023,65515896.0
1777262400000,0.10023,0.10055,0.09763,0.09782,70580752.0
1777276800000,0.09782,0.09852,0.0977,0.0985,54755644.0
1777291200000,0.0985,0.09924,0.09692,0.0972,93351691.0
1777305600000,0.0972,0.09814,0.09707,0.09785,35320882.0
1777320000000,0.09785,0.0991,0.09785,0.09896,25985819.0
1777334400000,0.09896,0.09955,0.09859,0.09934,69062283.0
1777348800000,0.09934,0.10099,0.09897,0.09963,134719189.0
1777363200000,0.09963,0.09997,0.0985,0.09862,68569573.0
1777377600000,0.09862,0.09955,0.09807,0.09952,98943337.0
1777392000000,0.09952,0.09985,0.09917,0.09972,50653104.0
1777406400000,0.09972,0.10018,0.09884,0.09935,43855529.0
1777420800000,0.09935,0.10144,0.09923,0.10132,78726890.0
1777435200000,0.10132,0.10543,0.10114,0.10493,153948300.0
1777449600000,0.10493,0.11172,0.10464,0.10967,316104908.0
1777464000000,0.10967,0.10973,0.10293,0.10337,234926300.0
1777478400000,0.10337,0.1043,0.10096,0.10146,177367100.0
1777492800000,0.10146,0.10417,0.10143,0.10408,63941933.0
1777507200000,0.10408,0.1084,0.10395,0.10677,217368334.0
1777521600000,0.10677,0.10707,0.10432,0.10701,139305086.0
1777536000000,0.10701,0.10812,0.10569,0.10639,126978689.0
1777550400000,0.10639,0.1075,0.10589,0.10709,137842339.0
1777564800000,0.10709,0.10716,0.10542,0.10618,81726515.0
1777579200000,0.10618,0.10687,0.10584,0.1065,36228779.0
1777593600000,0.1065,0.10984,0.1064,0.1091,154691778.0
1777608000000,0.1091,0.10947,0.10791,0.10823,72091917.0
1777622400000,0.10823,0.10918,0.10732,0.10886,74959203.0
1777636800000,0.10886,0.11053,0.10862,0.10944,141002786.0
1777651200000,0.10944,0.10971,0.10836,0.10907,47466893.0
1777665600000,0.10907,0.10965,0.10778,0.10853,45772057.0
1777680000000,0.10853,0.10933,0.10808,0.10815,39017296.0
1777694400000,0.10815,0.10838,0.10747,0.10791,37406704.0
1777708800000,0.10791,0.10806,0.10743,0.10774,25385557.0
1777723200000,0.10774,0.1092,0.10716,0.10898,42185921.0
1777737600000,0.10898,0.10935,0.10827,0.10841,27501236.0
1777752000000,0.10841,0.1092,0.10801,0.1085,36401694.0
1777766400000,0.1085,0.10857,0.10715,0.10785,31503573.0
1777780800000,0.10785,0.10824,0.10752,0.10792,25756011.0
1777795200000,0.10792,0.10875,0.10752,0.10867,26131832.0
1777809600000,0.10867,0.10935,0.10827,0.10848,31830781.0
1777824000000,0.10848,0.10878,0.10801,0.1086,17095318.0
1777838400000,0.1086,0.10964,0.10775,0.10829,49671556.0
1777852800000,0.10829,0.11373,0.10769,0.11297,171594943.0
1777867200000,0.11297,0.11357,0.11103,0.11233,68861208.0
1777881600000,0.11233,0.11243,0.10879,0.11049,133270190.0
1777896000000,0.11049,0.11266,0.10963,0.11024,148577787.0
1777910400000,0.11024,0.1116,0.10985,0.1104,65096664.0
1777924800000,0.1104,0.11095,0.11001,0.1101,28147657.0
1777939200000,0.1101,0.1118,0.10997,0.11144,40645935.0
1777953600000,0.11144,0.11195,0.11126,0.11146,42277277.0
1777968000000,0.11146,0.11215,0.11074,0.11197,46146196.0
1777982400000,0.11197,0.11293,0.11154,0.11239,76826282.0
1777996800000,0.11239,0.11449,0.11164,0.11355,89870259.0
1778011200000,0.11355,0.11648,0.11312,0.11485,109981854.0
1778025600000,0.11485,0.11609,0.11382,0.11594,89022333.0
1778040000000,0.11594,0.11635,0.11484,0.11575,81489887.0
1778054400000,0.11575,0.11707,0.11559,0.11658,73949076.0
1778068800000,0.11658,0.11678,0.11145,0.11308,143248534.0
1778083200000,0.11308,0.11362,0.11255,0.11296,52186108.0
1778097600000,0.11296,0.11326,0.11197,0.11245,34327032.0
1778112000000,0.11245,0.11251,0.11019,0.11029,68043478.0
1778126400000,0.11029,0.11179,0.11009,0.11172,62244223.0
1778140800000,0.11172,0.11183,0.11079,0.11113,62929460.0
1778155200000,0.11113,0.11161,0.10681,0.108,104516903.0
1778169600000,0.108,0.10859,0.10712,0.10794,61515289.0
1778184000000,0.10794,0.10845,0.10739,0.10783,32294172.0
1778198400000,0.10783,0.10805,0.10582,0.10639,52297291.0
1778212800000,0.10639,0.10663,0.10564,0.10632,43924151.0
1778227200000,0.10632,0.10775,0.10618,0.10742,47915627.0
1778241600000,0.10742,0.10821,0.1063,0.10808,82721878.0
1778256000000,0.10808,0.10909,0.10727,0.10895,60251034.0
1778270400000,0.10895,0.10967,0.10848,0.10952,32719224.0
1778284800000,0.10952,0.11116,0.10939,0.11036,42131239.0
1778299200000,0.11036,0.11133,0.10993,0.11022,34627433.0
1778313600000,0.11022,0.11066,0.10946,0.10959,23455627.0
1778328000000,0.10959,0.10975,0.1081,0.10863,32142835.0
1778342400000,0.10863,0.10999,0.10847,0.10971,19649747.0
1778356800000,0.10971,0.10973,0.10857,0.10874,10006368.0
1778371200000,0.10874,0.10898,0.10785,0.1085,19211323.0
1778385600000,0.1085,0.10876,0.10819,0.10854,13508913.0
1778400000000,0.10854,0.10914,0.10785,0.10821,28201530.0
1778414400000,0.10821,0.10913,0.10789,0.10912,27084636.0
1778428800000,0.10912,0.11166,0.10888,0.1111,80299721.0
1778443200000,0.1111,0.11285,0.10656,0.11246,175654677.0
1778457600000,0.11246,0.11274,0.10841,0.10911,156177022.0
1778472000000,0.10911,0.11013,0.10859,0.10928,49165258.0
1778486400000,0.10928,0.1104,0.10874,0.11031,50299877.0
1778500800000,0.11031,0.11099,0.10892,0.11091,96726734.0
1778515200000,0.11091,0.11182,0.11038,0.11158,95009696.0
1778529600000,0.11158,0.1118,0.11099,0.1113,29689621.0
1778544000000,0.1113,0.1116,0.10971,0.1101,70449507.0
1778558400000,0.1101,0.11129,0.10977,0.1099,60554931.0
1778572800000,0.1099,0.11032,0.10858,0.10944,56410292.0
1778587200000,0.10944,0.10964,0.10794,0.10866,111788783.0
1778601600000,0.10866,0.11027,0.10753,0.10985,49432019.0
1778616000000,0.10985,0.1107,0.10982,0.11014,30123307.0
1778630400000,0.11014,0.11175,0.10992,0.11172,45008856.0
1778644800000,0.11172,0.11277,0.11128,0.11231,63665461.0
1778659200000,0.11231,0.11458,0.112,0.11268,97851163.0
1778673600000,0.11268,0.11313,0.10965,0.10996,142710218.0
1778688000000,0.10996,0.11471,0.10989,0.11296,116004163.0
1778702400000,0.11296,0.11401,0.11238,0.11268,43344549.0
1778716800000,0.11268,0.11543,0.11218,0.11239,101840189.0
1778731200000,0.11239,0.11542,0.11199,0.11393,68728167.0
1778745600000,0.11393,0.11403,0.11277,0.11317,58952785.0
1778760000000,0.11317,0.11666,0.11305,0.11394,214419962.0
1778774400000,0.11394,0.1186,0.1134,0.11615,179364010.0
1778788800000,0.11615,0.11685,0.11498,0.11546,54309892.0
1778803200000,0.11546,0.11746,0.11525,0.11613,93116928.0
1778817600000,0.11613,0.11615,0.11271,0.11488,100463885.0
1778832000000,0.11488,0.11565,0.11388,0.11445,80720050.0
1778846400000,0.11445,0.1145,0.11076,0.1116,167324998.0
1778860800000,0.1116,0.11339,0.11148,0.11295,66358405.0
1778875200000,0.11295,0.11381,0.11256,0.11335,30512652.0
1778889600000,0.11335,0.11348,0.11233,0.11263,28288090.0
1778904000000,0.11263,0.11266,0.10912,0.11014,68443330.0
1778918400000,0.11014,0.11046,0.10823,0.10899,70152384.0
1778932800000,0.10899,0.10996,0.10781,0.1097,49379232.0
1778947200000,0.1097,0.11011,0.10928,0.10962,26789262.0
1778961600000,0.10962,0.11022,0.10924,0.10937,16723449.0
1778976000000,0.10937,0.10966,0.10808,0.1092,33963559.0
1778990400000,0.1092,0.11041,0.10914,0.11018,22829384.0
1779004800000,0.11018,0.11194,0.1098,0.11152,29315482.0
1779019200000,0.11152,0.11281,0.11025,0.11045,53421398.0
1779033600000,0.11045,0.111,0.10957,0.11074,35119809.0
1779048000000,0.11074,0.1113,0.10564,0.10902,79749118.0
1779062400000,0.10902,0.10908,0.10588,0.10658,117109834.0
1779076800000,0.10658,0.10705,0.10372,0.10431,69086051.0
1779091200000,0.10431,0.10583,0.10378,0.10506,50710743.0
1779105600000,0.10506,0.10647,0.10312,0.10389,120131537.0
1779120000000,0.10389,0.10495,0.10253,0.10477,67861157.0
1779134400000,0.10477,0.10557,0.10392,0.10477,30990640.0
1779148800000,0.10477,0.10552,0.10389,0.10434,27692266.0
1779163200000,0.10434,0.10538,0.10412,0.10519,34019163.0
1779177600000,0.10519,0.10524,0.10364,0.10372,33783399.0
1779192000000,0.10372,0.10463,0.10292,0.10359,60485798.0
1779206400000,0.10359,0.10422,0.10315,0.10328,22168679.0
1779220800000,0.10328,0.10381,0.10266,0.103,16181394.0
1779235200000,0.103,0.1031,0.10191,0.10287,34743263.0
1779249600000,0.10287,0.10412,0.10218,0.10361,21785954.0
1779264000000,0.10361,0.10413,0.10347,0.1037,15332610.0
1779278400000,0.1037,0.10497,0.10304,0.10419,62164083.0
1779292800000,0.10419,0.10484,0.10365,0.10424,27410495.0
1779307200000,0.10424,0.1044,0.10298,0.10371,15390025.0
1779321600000,0.10371,0.10584,0.10366,0.10563,23694351.0
1779336000000,0.10563,0.10612,0.10488,0.10565,34299662.0
1779350400000,0.10565,0.10637,0.10384,0.1043,41253679.0
1779364800000,0.1043,0.10497,0.10385,0.1047,51592083.0
1779379200000,0.1047,0.10652,0.10422,0.1058,59509196.0
1779393600000,0.1058,0.10608,0.10518,0.10567,17930240.0
1779408000000,0.10567,0.10629,0.10504,0.1059,28147209.0
1779422400000,0.1059,0.10619,0.10493,0.1056,16993725.0
1779436800000,0.1056,0.10644,0.10545,0.10643,23463821.0
1779451200000,0.10643,0.10677,0.10524,0.10609,44036493.0
1779465600000,0.10609,0.10637,0.10273,0.10345,93350591.0
1779480000000,0.10345,0.10439,0.10162,0.10233,39941117.0
1779494400000,0.10233,0.10239,0.10071,0.1017,53616943.0
1779508800000,0.1017,0.10177,0.09742,0.09894,60262340.0
1779523200000,0.09894,0.09987,0.0988,0.09928,34063136.0
1779537600000,0.09928,0.10202,0.09893,0.10109,42805404.0
1779552000000,0.10109,0.10276,0.1008,0.10257,27755094.0
1779566400000,0.10257,0.10504,0.10228,0.10306,48764107.0
1779580800000,0.10306,0.10339,0.10279,0.10299,15075456.0
1779595200000,0.10299,0.1033,0.10245,0.10289,16971071.0
1779609600000,0.10289,0.1039,0.10267,0.1033,20055094.0
1779624000000,0.1033,0.10334,0.1013,0.10195,27101025.0
1779638400000,0.10195,0.10251,0.10184,0.10211,13702715.0
1779652800000,0.10211,0.10251,0.10055,0.10228,38567168.0
1779667200000,0.10228,0.10285,0.10174,0.10201,28878477.0
1779681600000,0.10201,0.1033,0.1018,0.10281,25321659.0
1779696000000,0.10281,0.10306,0.10237,0.10288,15482101.0
1779710400000,0.10288,0.10358,0.10268,0.10299,22376550.0
1779724800000,0.10299,0.10379,0.10267,0.10278,17344481.0
1779739200000,0.10278,0.10291,0.10165,0.10215,19304618.0
1779753600000,0.10215,0.10221,0.10044,0.1011,37158502.0
1779768000000,0.1011,0.10213,0.10092,0.10117,21377191.0
1779782400000,0.10117,0.10259,0.101,0.10241,29355524.0
1779796800000,0.10241,0.10384,0.1014,0.10206,96250002.0
1779811200000,0.10206,0.10214,0.1003,0.10114,66905121.0
1779825600000,0.10114,0.10142,0.10061,0.10104,19708781.0
1779840000000,0.10104,0.10189,0.10104,0.10122,25576486.0
1779854400000,0.10122,0.10234,0.1003,0.10216,39945900.0
1779868800000,0.10216,0.10254,0.10161,0.1017,27848633.0
1779883200000,0.1017,0.10334,0.10072,0.10256,87551180.0
1779897600000,0.10256,0.10287,0.10099,0.10217,35297025.0
1779912000000,0.10217,0.10242,0.09938,0.10049,57511419.0
1779926400000,0.10049,0.10085,0.09801,0.09824,96636253.0
1779940800000,0.09824,0.09884,0.09711,0.09873,74127521.0
1779955200000,0.09873,0.09886,0.09781,0.09807,25396395.0
1779969600000,0.09807,0.09872,0.09653,0.09844,112730419.0
1779984000000,0.09844,0.1005,0.09793,0.09953,61566290.0
1779998400000,0.09953,0.10051,0.09913,0.09956,42294607.0
1780012800000,0.09956,0.10009,0.09887,0.09909,28100959.0
1780027200000,0.09909,0.09987,0.09866,0.09964,17274280.0
1780041600000,0.09964,0.09992,0.09871,0.09911,19467210.0
1780056000000,0.09911,0.10119,0.09745,0.1004,107622995.0
1780070400000,0.1004,0.10093,0.0992,0.10007,53305245.0
1780084800000,0.10007,0.10052,0.09941,0.09969,23142516.0
1780099200000,0.09969,0.10181,0.09949,0.10111,31320037.0
1780113600000,0.10111,0.10173,0.10019,0.10129,23329741.0
1780128000000,0.10129,0.10131,0.10056,0.10085,13004355.0
1780142400000,0.10085,0.10154,0.10071,0.10133,19763512.0
1780156800000,0.10133,0.1017,0.10118,0.10142,17099261.0
1780171200000,0.10142,0.10156,0.1004,0.10063,19900907.0
1780185600000,0.10063,0.10143,0.10047,0.10131,25230033.0
1780200000000,0.10131,0.10137,0.1002,0.10059,12766385.0
1780214400000,0.10059,0.10102,0.10026,0.10079,15600675.0
1780228800000,0.10079,0.1012,0.09962,0.09987,26863429.0
1780243200000,0.09987,0.09999,0.09909,0.09955,34169948.0
1780257600000,0.09955,0.101,0.09955,0.10041,35151608.0
1780272000000,0.10041,0.10157,0.0997,0.1011,62176219.0
1780286400000,0.1011,0.1013,0.09913,0.0992,55916359.0
1780300800000,0.0992,0.10034,0.0991,0.09993,43725196.0
1780315200000,0.09993,0.10012,0.09803,0.09832,116451630.0
1780329600000,0.09832,0.10064,0.09781,0.10061,58032894.0
1780344000000,0.10061,0.10111,0.09953,0.1011,47760650.0
1780358400000,0.1011,0.10124,0.09943,0.10094,82615678.0
1780372800000,0.10094,0.10104,0.09866,0.09923,78014655.0
1780387200000,0.09923,0.09948,0.0985,0.09876,55231716.0
1780401600000,0.09876,0.09898,0.09366,0.09488,216226333.0
1780416000000,0.09488,0.09636,0.09253,0.09409,124211187.0
1780430400000,0.09409,0.09495,0.0912,0.09273,132008818.0
1780444800000,0.09273,0.09356,0.09086,0.09157,80889072.0
1780459200000,0.09157,0.09453,0.09157,0.09418,50000056.0
1780473600000,0.09418,0.09453,0.09344,0.09398,29401412.0
1780488000000,0.09398,0.0944,0.09275,0.09278,61024083.0
1780502400000,0.09278,0.09307,0.0916,0.09178,88759610.0
1780516800000,0.09178,0.09325,0.09061,0.09139,110935365.0
1780531200000,0.09139,0.09188,0.0858,0.09133,322432630.0
1780545600000,0.09133,0.09157,0.08874,0.08877,81416943.0
1780560000000,0.08877,0.08921,0.08667,0.08793,124359988.0
1780574400000,0.08793,0.09019,0.08766,0.08954,126238540.0
1780588800000,0.08954,0.09004,0.08845,0.08906,61766100.0
1780603200000,0.08906,0.0891,0.087,0.08858,88260219.0
1780617600000,0.08858,0.0888,0.0859,0.08594,116429365.0
1780632000000,0.08594,0.08719,0.08207,0.08499,331386141.0
1780646400000,0.08499,0.08535,0.08331,0.08402,137250063.0
1780660800000,0.08402,0.0849,0.08099,0.08156,329649238.0
1780675200000,0.08156,0.08346,0.079,0.08104,310904557.0
1780689600000,0.08104,0.08361,0.08009,0.08148,157041278.0
1780704000000,0.08148,0.08304,0.08054,0.08107,70420460.0
1780718400000,0.08107,0.0818,0.07767,0.08149,205106647.0
1780732800000,0.08149,0.08257,0.07993,0.08127,75617957.0
1780747200000,0.08127,0.08253,0.08093,0.08168,77450917.0
1780761600000,0.08168,0.08206,0.08047,0.08072,47915857.0
1780776000000,0.08072,0.08194,0.0805,0.08192,20896847.0
1780790400000,0.08192,0.08384,0.08164,0.08354,43448305.0
1780804800000,0.08354,0.085,0.08296,0.08497,39194816.0
1780819200000,0.08497,0.086,0.08414,0.08457,41593610.0
1780833600000,0.08457,0.08496,0.08319,0.08466,49309442.0
1780848000000,0.08466,0.0853,0.083,0.08336,50095666.0
1780862400000,0.08336,0.08752,0.08315,0.08628,118255294.0
1780876800000,0.08628,0.08682,0.08483,0.08592,63176493.0
1780891200000,0.08592,0.086,0.08436,0.08566,43240294.0
1780905600000,0.08566,0.08683,0.08492,0.08641,37530416.0
1780920000000,0.08641,0.08746,0.08582,0.08698,64906286.0
1780934400000,0.08698,0.08753,0.08615,0.0868,25760357.0
1780948800000,0.0868,0.08748,0.08614,0.08632,20134882.0
1780963200000,0.08632,0.08649,0.08458,0.08531,50750038.0
1780977600000,0.08531,0.08674,0.08506,0.08639,29393573.0
1780992000000,0.08639,0.08645,0.08519,0.08552,19885536.0
1781006400000,0.08552,0.08613,0.08408,0.08412,68443026.0
1781020800000,0.08412,0.08547,0.08317,0.08521,52781461.0
1781035200000,0.08521,0.08569,0.08445,0.08478,21463318.0
1781049600000,0.08478,0.08515,0.08368,0.08396,19020035.0
1781064000000,0.08396,0.08438,0.08326,0.08423,16838445.0
1781078400000,0.08423,0.08425,0.08284,0.08329,36679722.0
1781092800000,0.08329,0.08547,0.08304,0.08512,64616591.0
1781107200000,0.08512,0.08522,0.08305,0.08317,42215304.0
1781121600000,0.08317,0.08331,0.08187,0.08294,28345247.0
1781136000000,0.08294,0.08528,0.08294,0.08505,22131636.0
1781150400000,0.08505,0.08541,0.08459,0.08487,17768959.0
1781164800000,0.08487,0.08555,0.0848,0.08533,16635033.0
1781179200000,0.08533,0.08545,0.08425,0.08493,43898969.0
1781193600000,0.08493,0.08708,0.0844,0.08652,55336802.0
1781208000000,0.08652,0.08674,0.086,0.08607,14258842.0
1781222400000,0.08607,0.08659,0.0856,0.08658,13489390.0
1781236800000,0.08658,0.08744,0.0851,0.08596,46470934.0
1781251200000,0.08596,0.08727,0.08595,0.08696,23794164.0
1781265600000,0.08696,0.09247,0.08666,0.08745,160673558.0
1781280000000,0.08745,0.08902,0.08721,0.08742,50424049.0
1781294400000,0.08742,0.08783,0.0856,0.08601,26576332.0
1781308800000,0.08601,0.08692,0.08583,0.08629,21268212.0
1781323200000,0.08629,0.08725,0.08581,0.08707,19886331.0
1781337600000,0.08707,0.08795,0.08692,0.08795,18534122.0
1781352000000,0.08795,0.08882,0.08775,0.08835,28656408.0
1781366400000,0.08835,0.08838,0.08738,0.08763,23422317.0
1781380800000,0.08763,0.08862,0.08753,0.08789,9954076.0
1781395200000,0.08789,0.08815,0.08758,0.08809,6876234.0
1781409600000,0.08809,0.08813,0.08705,0.08718,6867585.0
1781424000000,0.08718,0.08749,0.08676,0.08703,10048562.0
1781438400000,0.08703,0.08709,0.08569,0.08632,23831832.0
1781452800000,0.08632,0.08668,0.08616,0.08641,12879688.0
1781467200000,0.08641,0.08912,0.08629,0.08891,51452322.0
1781481600000,0.08891,0.0892,0.08825,0.08895,26040178.0
1781496000000,0.08895,0.08902,0.08838,0.08853,17211305.0
1781510400000,0.08853,0.09008,0.08812,0.0897,36121784.0
1781524800000,0.0897,0.09091,0.08913,0.09071,84330953.0
1781539200000,0.09071,0.09071,0.08859,0.08896,46724629.0
1781553600000,0.08896,0.08925,0.08782,0.08814,33139096.0
1781568000000,0.08814,0.08832,0.08681,0.08748,27602910.0
1781582400000,0.08748,0.08785,0.08672,0.08784,19417288.0
1781596800000,0.08784,0.08909,0.08761,0.08819,28459404.0
1781611200000,0.08819,0.08892,0.08622,0.08721,46777987.0
1781625600000,0.08721,0.08787,0.08639,0.08729,26690505.0
1781640000000,0.08729,0.08779,0.08701,0.08716,14206449.0
1781654400000,0.08716,0.08811,0.08699,0.08749,14727685.0
1781668800000,0.08749,0.08785,0.0866,0.0869,12997847.0
1781683200000,0.0869,0.08692,0.08552,0.08584,19356795.0
1781697600000,0.08584,0.08729,0.0855,0.08729,28774170.0
1781712000000,0.08729,0.08787,0.08504,0.08546,74927023.0
1781726400000,0.08546,0.08627,0.08468,0.08592,16136595.0
1781740800000,0.08592,0.08658,0.08525,0.08534,8825080.0
1781755200000,0.08534,0.08541,0.08396,0.08493,25833813.0
1781769600000,0.08493,0.08525,0.0843,0.08452,8619512.0
1781784000000,0.08452,0.0849,0.08185,0.082,65143233.0
1781798400000,0.082,0.08302,0.08192,0.08288,29154551.0
1781812800000,0.08288,0.08359,0.08288,0.08353,10388768.0
1781827200000,0.08353,0.08396,0.0826,0.08289,16531824.0
1781841600000,0.08289,0.08304,0.082,0.08234,14558345.0
1781856000000,0.08234,0.08268,0.08207,0.0824,10177587.0
1781870400000,0.0824,0.08349,0.08189,0.0832,21051261.0
1781884800000,0.0832,0.08346,0.08273,0.08292,9125841.0
1781899200000,0.08292,0.08372,0.0827,0.08356,6715410.0
1781913600000,0.08356,0.08393,0.08303,0.08325,8288090.0
1781928000000,0.08325,0.08434,0.08321,0.08408,13570667.0
1781942400000,0.08408,0.0843,0.08377,0.08386,6760260.0
1781956800000,0.08386,0.08421,0.08264,0.08374,26625520.0
1781971200000,0.08374,0.08377,0.08284,0.08334,6650515.0
1781985600000,0.08334,0.08404,0.08323,0.08371,8221496.0
1782000000000,0.08371,0.08386,0.08346,0.0837,2794061.0
1782014400000,0.0837,0.0838,0.08314,0.08349,5576647.0
1782028800000,0.08349,0.08358,0.08277,0.08305,7501949.0
1782043200000,0.08305,0.08363,0.08294,0.08343,6786970.0
1782057600000,0.08343,0.08377,0.08314,0.08364,8204730.0
1782072000000,0.08364,0.08368,0.08214,0.08223,24977948.0
1782086400000,0.08223,0.08423,0.08223,0.08294,23585885.0
1782100800000,0.08294,0.08374,0.08279,0.08351,6897361.0
1782115200000,0.08351,0.08446,0.08335,0.08424,16184961.0
1782129600000,0.08424,0.08508,0.08353,0.08366,36600794.0
1782144000000,0.08366,0.08368,0.08249,0.08276,22691939.0
1782158400000,0.08276,0.08302,0.08189,0.08247,19474890.0
1782172800000,0.08247,0.08271,0.08125,0.08223,29521987.0
1782187200000,0.08223,0.08225,0.07971,0.07999,58339333.0
1782201600000,0.07999,0.08005,0.07839,0.07957,45931004.0
1782216000000,0.07957,0.07984,0.07838,0.07883,66113897.0
1782230400000,0.07883,0.07936,0.07832,0.07848,30884534.0
1782244800000,0.07848,0.07915,0.07839,0.07888,10069289.0
1782259200000,0.07888,0.07979,0.07881,0.0791,15078344.0
1782273600000,0.0791,0.07947,0.07851,0.07886,11491797.0
1782288000000,0.07886,0.0796,0.07803,0.07902,22688685.0
1782302400000,0.07902,0.07908,0.07461,0.07478,125568861.0
1782316800000,0.07478,0.07566,0.07284,0.07414,120614529.0
1782331200000,0.07414,0.07648,0.074,0.07611,46864881.0
1782345600000,0.07611,0.07646,0.07595,0.07602,18623526.0
1782360000000,0.07602,0.07751,0.0758,0.07737,20735938.0
1782374400000,0.07737,0.07738,0.07576,0.07595,14086493.0
1782388800000,0.07595,0.07646,0.07147,0.07342,229532230.0
1782403200000,0.07342,0.07528,0.07294,0.07337,61438171.0
1782417600000,0.07337,0.07532,0.07337,0.07491,19985990.0
1782432000000,0.07491,0.0751,0.07217,0.07466,54011889.0
1782446400000,0.07466,0.0753,0.07396,0.0751,43360960.0
1782460800000,0.0751,0.07517,0.07332,0.07346,26268545.0
1782475200000,0.07346,0.07537,0.07284,0.075,78642144.0
1782489600000,0.075,0.07611,0.07462,0.07554,24752392.0
1782504000000,0.07554,0.07613,0.07516,0.0758,14240984.0
1782518400000,0.0758,0.07606,0.07512,0.07566,12031984.0
1782532800000,0.07566,0.07599,0.07541,0.07583,7860959.0
1782547200000,0.07583,0.07583,0.07497,0.07533,9687704.0
1782561600000,0.07533,0.07644,0.07526,0.07624,14693648.0
1782576000000,0.07624,0.07637,0.07451,0.07477,14716811.0
1782590400000,0.07477,0.075,0.07409,0.0745,15871998.0
1782604800000,0.0745,0.0747,0.07408,0.07429,16055439.0
1782619200000,0.07429,0.07429,0.07322,0.07379,11149891.0
1782633600000,0.07379,0.07428,0.07331,0.07385,21563076.0
1782648000000,0.07385,0.074,0.07339,0.07359,15324013.0
1782662400000,0.07359,0.07363,0.07261,0.07294,20918647.0
1782676800000,0.07294,0.07371,0.07215,0.07319,25904318.0
1782691200000,0.07319,0.07365,0.07197,0.0733,50703533.0
1782705600000,0.0733,0.07349,0.07207,0.07278,19850711.0
1782720000000,0.07278,0.07323,0.07222,0.07283,23210973.0
1782734400000,0.07283,0.07389,0.07201,0.07282,78606266.0
1782748800000,0.07282,0.07428,0.07212,0.07391,32178503.0
1782763200000,0.07391,0.07414,0.07324,0.07344,10993014.0
1782777600000,0.07344,0.07358,0.07227,0.07245,18993354.0
1782792000000,0.07245,0.0726,0.07209,0.07241,10040981.0
1782806400000,0.07241,0.07265,0.07108,0.07144,29877964.0
1782820800000,0.07144,0.07144,0.06953,0.07073,91149791.0
1782835200000,0.07073,0.07286,0.07059,0.07232,43863988.0
1782849600000,0.07232,0.07239,0.07184,0.07207,11495935.0
1782864000000,0.07207,0.0725,0.07051,0.07235,37278789.0
1782878400000,0.07235,0.07268,0.0711,0.07149,14842014.0
1782892800000,0.07149,0.07162,0.07082,0.07116,20994344.0
1782907200000,0.07116,0.07357,0.07084,0.07336,37413220.0
1782921600000,0.07336,0.07362,0.07271,0.07283,13894037.0
1782936000000,0.07283,0.07397,0.07217,0.07223,26048859.0
1782950400000,0.07223,0.07348,0.07168,0.0734,24108131.0
1782964800000,0.0734,0.07343,0.0723,0.07253,10366620.0
1782979200000,0.07253,0.07436,0.07251,0.07418,29196568.0
1782993600000,0.07418,0.07556,0.07403,0.07451,75315832.0
1783008000000,0.07451,0.0748,0.0741,0.07421,15201842.0
1783022400000,0.07421,0.07437,0.07374,0.07419,7976875.0
1783036800000,0.07419,0.07496,0.07394,0.07478,21500922.0
1783051200000,0.07478,0.07539,0.07445,0.07532,12657298.0
1783065600000,0.07532,0.07614,0.07475,0.07593,28435449.0
1783080000000,0.07593,0.07735,0.07565,0.07634,34665167.0
1783094400000,0.07634,0.07766,0.07617,0.07719,20936978.0
1783108800000,0.07719,0.07848,0.07716,0.07757,34333881.0
1783123200000,0.07757,0.07774,0.07661,0.07732,19378006.0
1783137600000,0.07732,0.07815,0.0767,0.07693,26050718.0
1783152000000,0.07693,0.07724,0.07662,0.07692,15823376.0
1783166400000,0.07692,0.07875,0.07685,0.07856,24868692.0
1783180800000,0.07856,0.07939,0.07806,0.07857,27206620.0
1783195200000,0.07857,0.07873,0.07738,0.07766,9369539.0
1783209600000,0.07766,0.07768,0.07569,0.07599,30760304.0
1783224000000,0.07599,0.07638,0.07563,0.07617,20495383.0
1783238400000,0.07617,0.07627,0.07531,0.07592,14620106.0
1783252800000,0.07592,0.07738,0.0757,0.07717,19632216.0
1783267200000,0.07717,0.07786,0.0769,0.0773,19568656.0
1783281600000,0.0773,0.07882,0.07693,0.07786,38874552.0
1783296000000,0.07786,0.07828,0.07704,0.07749,39175935.0
1783310400000,0.07749,0.07749,0.07642,0.07694,17901002.0
1783324800000,0.07694,0.07744,0.07656,0.07675,13496209.0
1783339200000,0.07675,0.07675,0.07437,0.07624,87002005.0
1783353600000,0.07624,0.07719,0.07597,0.07695,42747306.0
1783368000000,0.07695,0.07836,0.07658,0.07665,22621306.0
1783382400000,0.07665,0.07702,0.07496,0.07515,22339079.0
1783396800000,0.07515,0.07566,0.07426,0.07498,24007950.0
1783411200000,0.07498,0.07521,0.07436,0.0748,27262175.0
1783425600000,0.0748,0.07543,0.07373,0.07519,69587227.0
1783440000000,0.07519,0.07573,0.07411,0.07473,27639937.0
1783454400000,0.07473,0.07486,0.07362,0.07417,17479662.0
1783468800000,0.07417,0.07447,0.07232,0.07261,36518562.0
1783483200000,0.07261,0.07279,0.0718,0.07246,23702488.0
1783497600000,0.07246,0.07256,0.07102,0.07205,57046531.0
1783512000000,0.07205,0.07231,0.07128,0.07187,38120730.0
1783526400000,0.07187,0.07294,0.07183,0.07266,23619759.0
1783540800000,0.07266,0.07279,0.07207,0.07242,12163770.0
1783555200000,0.07242,0.073,0.07199,0.07227,15076263.0
1783569600000,0.07227,0.0732,0.07221,0.0728,24515749.0
1783584000000,0.0728,0.07308,0.07225,0.0725,12471537.0
1783598400000,0.0725,0.07292,0.07204,0.07266,19727138.0
1783612800000,0.07266,0.07344,0.07236,0.07305,10030872.0
1783627200000,0.07305,0.07358,0.07282,0.0729,10110064.0
1783641600000,0.0729,0.07423,0.07266,0.07402,17956253.0
1783656000000,0.07402,0.07427,0.07372,0.07378,9797486.0
1783670400000,0.07378,0.07467,0.07375,0.07436,16963510.0
1783684800000,0.07436,0.07451,0.07335,0.07404,32462694.0
1783699200000,0.07404,0.07438,0.07367,0.07417,15075223.0
1783713600000,0.07417,0.07428,0.07395,0.07412,6903891.0
1783728000000,0.07412,0.07441,0.07391,0.07428,3904071.0
1783742400000,0.07428,0.07467,0.07419,0.07429,9874020.0
1783756800000,0.07429,0.07474,0.07414,0.07448,3788011.0
1783771200000,0.07448,0.0756,0.07438,0.07533,17991001.0
1783785600000,0.07533,0.07553,0.07493,0.07534,13815529.0
1783800000000,0.07534,0.07542,0.0732,0.07323,16214915.0
1783814400000,0.07323,0.07348,0.07229,0.07342,29973219.0
1783828800000,0.07342,0.07355,0.07258,0.07293,10070938.0
1783843200000,0.07293,0.07329,0.07273,0.07322,4487026.0
1783857600000,0.07322,0.07388,0.07315,0.07371,13932018.0
1783872000000,0.07371,0.07378,0.07332,0.07366,8078643.0
1783886400000,0.07366,0.07369,0.0724,0.07272,18751454.0
1783900800000,0.07272,0.07416,0.07162,0.07211,52519540.0
1783915200000,0.07211,0.07252,0.0719,0.07236,18116821.0
1783929600000,0.07236,0.0727,0.07208,0.07229,6978155.0
1783944000000,0.07229,0.0726,0.07188,0.07209,20856925.0
1783958400000,0.07209,0.07219,0.07094,0.07183,16351353.0
1783972800000,0.07183,0.072,0.0711,0.07197,9363915.0
1783987200000,0.07197,0.07243,0.07143,0.07206,15662806.0
1784001600000,0.07206,0.07244,0.07193,0.07218,9121443.0
1784016000000,0.07218,0.07237,0.07198,0.07226,6566373.0
1784030400000,0.07226,0.07519,0.07212,0.07491,72701103.0
1784044800000,0.07491,0.07538,0.07406,0.07423,22219500.0
1784059200000,0.07423,0.0747,0.07401,0.07445,18422515.0
1784073600000,0.07445,0.07453,0.07368,0.07404,17424627.0
1784088000000,0.07404,0.07489,0.07382,0.074,16149747.0
1784102400000,0.074,0.07452,0.07347,0.07386,22356210.0
1784116800000,0.07386,0.07525,0.07366,0.07463,45672352.0
1784131200000,0.07463,0.07478,0.07337,0.0738,22624316.0
1784145600000,0.0738,0.07422,0.07376,0.0741,10414763.0
1784160000000,0.0741,0.07447,0.07363,0.074,8593771.0
1784174400000,0.074,0.07435,0.07333,0.07356,12130059.0
1784188800000,0.07356,0.07358,0.07263,0.07328,21541868.0
1784203200000,0.07328,0.07394,0.07275,0.0736,22797233.0
1784217600000,0.0736,0.07372,0.07297,0.07318,12887181.0
1784232000000,0.07318,0.07334,0.07214,0.07238,10912066.0
1784246400000,0.07238,0.07287,0.07187,0.07244,14796678.0
1784260800000,0.07244,0.07245,0.07142,0.07169,15191506.0
1784275200000,0.07169,0.07212,0.07118,0.07201,11171235.0
1784289600000,0.07201,0.07229,0.07101,0.07214,31977272.0
1784304000000,0.07214,0.07298,0.07199,0.07263,17982077.0
1784318400000,0.07263,0.07293,0.07233,0.07255,6649018.0
1784332800000,0.07255,0.07279,0.07241,0.07267,5946350.0
1784347200000,0.07267,0.0727,0.07211,0.0723,6492087.0
1784361600000,0.0723,0.07246,0.07193,0.07225,4135472.0
1784376000000,0.07225,0.0725,0.07196,0.07221,5744502.0
1784390400000,0.07221,0.07265,0.07209,0.07239,7042787.0
1784404800000,0.07239,0.07258,0.07227,0.07253,3122160.0
1784419200000,0.07253,0.07284,0.07235,0.07243,4781644.0
1784433600000,0.07243,0.07264,0.07227,0.07245,2660441.0
1784448000000,0.07245,0.07279,0.07237,0.07254,3846391.0
1784462400000,0.07254,0.0728,0.07222,0.07247,6904299.0
1784476800000,0.07247,0.07255,0.07171,0.07229,10419539.0
1784491200000,0.07229,0.07261,0.0719,0.07242,10092018.0
1784505600000,0.07242,0.07314,0.07222,0.0727,22478629.0
1784520000000,0.0727,0.07275,0.07112,0.07184,30536675.0
1784534400000,0.07184,0.07296,0.07156,0.0729,23498156.0
1784548800000,0.0729,0.07348,0.07181,0.07337,40596389.0
1784563200000,0.07337,0.07359,0.07151,0.07214,40601068.0
1784577600000,0.07214,0.07238,0.07171,0.07218,16560797.0
1784592000000,0.07218,0.07286,0.07192,0.07278,12010277.0
1784606400000,0.07278,0.07335,0.07254,0.07333,17343504.0
1784620800000,0.07333,0.07381,0.07326,0.07364,26877890.0
1784635200000,0.07364,0.07373,0.0731,0.07348,22795027.0
1784649600000,0.07348,0.07365,0.07297,0.07353,13573726.0
1784664000000,0.07353,0.07365,0.073,0.07338,7768451.0
1784678400000,0.07338,0.07388,0.0732,0.07325,11587190.0
1784692800000,0.07325,0.07349,0.0721,0.07223,21855844.0
1784707200000,0.07223,0.07283,0.07221,0.07264,10387304.0
1784721600000,0.07264,0.07332,0.07216,0.07307,22697210.0
1784736000000,0.07307,0.07351,0.07228,0.07252,26200649.0
1784750400000,0.07252,0.0731,0.07241,0.073,13569149.0
1784764800000,0.073,0.07322,0.07225,0.07236,10136553.0
1784779200000,0.07236,0.07268,0.07212,0.07222,9383535.0
1784793600000,0.07222,0.07253,0.07214,0.07238,9924662.0
1784808000000,0.07238,0.07243,0.06844,0.06977,131554102.0
1784822400000,0.06977,0.06983,0.06896,0.06926,26604670.0
1784836800000,0.06926,0.06978,0.06912,0.06922,9914778.0
1784851200000,0.06922,0.06951,0.06877,0.06941,17867044.0
1784865600000,0.06941,0.07016,0.06894,0.07005,38348610.0
1784880000000,0.07005,0.07009,0.06921,0.06947,20087379.0
1784894400000,0.06947,0.06966,0.06824,0.0692,56116745.0
1784908800000,0.0692,0.0693,0.06856,0.06925,13097506.0
1784923200000,0.06925,0.06975,0.06885,0.06958,13407135.0
1784937600000,0.06958,0.06976,0.06945,0.06969,7849200.0
1784952000000,0.06969,0.06982,0.06924,0.06938,8149067.0
1784966400000,0.06938,0.06961,0.06919,0.06944,9008292.0
1784980800000,0.06944,0.07149,0.06941,0.07119,32910972.0
1784995200000,0.07119,0.07368,0.07117,0.07281,99883141.0
1785009600000,0.07281,0.07297,0.07166,0.07174,24281721.0
1785024000000,0.07174,0.0728,0.07159,0.07271,21083385.0
1785038400000,0.07271,0.07403,0.07254,0.07328,52653319.0
1785052800000,0.07328,0.07377,0.07304,0.07322,16609016.0
1785067200000,0.07322,0.07343,0.07281,0.0731,16954454.0
1785081600000,0.0731,0.0734,0.07253,0.07265,14604142.0
1785096000000,0.07265,0.07352,0.07252,0.07338,24159835.0
1785110400000,0.07338,0.07342,0.07253,0.07287,11295800.0
1785124800000,0.07287,0.07352,0.07268,0.07285,16114066.0
1785139200000,0.07285,0.07292,0.07221,0.07257,18977836.0
1785153600000,0.07257,0.07323,0.07083,0.07139,44221757.0
1785168000000,0.07139,0.07232,0.07122,0.07203,15644808.0
1785182400000,0.07203,0.07219,0.07012,0.07037,30279283.0
1785196800000,0.07037,0.07057,0.06933,0.07026,35287273.0
1785211200000,0.07026,0.07052,0.06984,0.07013,9503416.0
1785225600000,0.07013,0.07033,0.06978,0.07001,16106743.0
1785240000000,0.07001,0.07106,0.06925,0.07082,38505452.0
1785254400000,0.07082,0.07143,0.07047,0.07075,22021414.0
1785268800000,0.07075,0.07115,0.07003,0.0709,13295475.0
1785283200000,0.0709,0.0712,0.07021,0.07023,17162657.0
1785297600000,0.07023,0.07102,0.06997,0.07099,17455788.0
1785312000000,0.07099,0.07108,0.07044,0.07061,20462482.0
1785326400000,0.07061,0.07075,0.07002,0.07021,21661798.0
1785340800000,0.07021,0.07114,0.06969,0.06973,30854524.0
1785355200000,0.06973,0.07025,0.06883,0.07015,24984301.0
1785369600000,0.07015,0.07074,0.06988,0.07022,13051520.0
1785384000000,0.07022,0.07024,0.06963,0.0698,8596341.0
1785398400000,0.0698,0.07036,0.0698,0.07012,20478323.0
1785412800000,0.07012,0.07074,0.06993,0.07059,21285383.0
1785427200000,0.07059,0.07103,0.07045,0.07077,10843165.0
1785441600000,0.07077,0.07096,0.07043,0.0706,7341423.0
1785456000000,0.0706,0.071,0.06982,0.07008,17160629.0
1785470400000,0.07008,0.07032,0.0696,0.07006,11306795.0
1785484800000,0.07006,0.0702,0.06913,0.06963,13259248.0
1785499200000,0.06963,0.06973,0.06849,0.06903,41033565.0
1785513600000,0.06903,0.07038,0.06899,0.06977,15466341.0
1785528000000,0.06977,0.06995,0.06946,0.0696,7122831.0
1785542400000,0.0696,0.07029,0.06959,0.07011,8945027.0
1785556800000,0.07011,0.07029,0.06979,0.0699,7293096.0
1785571200000,0.0699,0.06997,0.06962,0.06987,3366327.0
1785585600000,0.06987,0.07025,0.06978,0.07011,5939413.0
1785600000000,0.07011,0.07023,0.06766,0.06854,31439705.0
1785614400000,0.06854,0.0695,0.06841,0.06915,9227446.0
1785628800000,0.06915,0.07021,0.06912,0.07007,15800303.0
1785643200000,0.07007,0.07058,0.07005,0.07042,8334585.0
1785657600000,0.07042,0.07044,0.06985,0.06999,7654828.0
1785672000000,0.06999,0.07055,0.06997,0.07029,9257047.0
1785686400000,0.07029,0.07122,0.07015,0.07077,9809987.0
1785700800000,0.07077,0.07147,0.07048,0.0708,13582562.0
1785715200000,0.0708,0.07094,0.06968,0.06981,10276355.0
1785729600000,0.06981,0.07003,0.06904,0.0693,16396316.0
1785744000000,0.0693,0.0698,0.06901,0.06934,9506199.0
1785758400000,0.06934,0.07058,0.06925,0.07048,29038925.0
1785772800000,0.07048,0.0706,0.07013,0.07031,5447482.0
1785787200000,0.07031,0.07055,0.07013,0.07023,4743195.0
1785801600000,0.07023,0.07064,0.06991,0.07029,8801793.0
1785816000000,0.07029,0.07059,0.07001,0.0703,5560654.0
1785830400000,0.0703,0.07069,0.07004,0.07059,6621679.0
1785844800000,0.07059,0.07059,0.06981,0.07026,11580862.0
1785859200000,0.07026,0.07065,0.07006,0.07044,5842910.0
1785873600000,0.07044,0.07055,0.07007,0.07008,9049270.0
1785888000000,0.07008,0.07043,0.06967,0.06979,10766066.0
1785902400000,0.06979,0.07015,0.06962,0.06985,4815338.0
1785916800000,0.06985,0.06999,0.06962,0.06984,5580182.0
1785931200000,0.06984,0.07026,0.06929,0.06972,13259385.0
1785945600000,0.06972,0.07046,0.0697,0.07023,9414815.0
1785960000000,0.07023,0.07055,0.06991,0.07004,6408685.0
1785974400000,0.07004,0.07018,0.06957,0.06964,5492402.0
1785988800000,0.06964,0.07017,0.06948,0.06981,3964377.0
1786003200000,0.06981,0.07005,0.06881,0.06915,14503702.0
1786017600000,0.06915,0.06927,0.06825,0.06904,14592299.0
1786032000000,0.06904,0.0694,0.06866,0.06877,5291988.0
1786046400000,0.06877,0.06913,0.06874,0.06908,5787686.0
1786060800000,0.06908,0.0695,0.069,0.06904,6348759.0
1786075200000,0.06904,0.0695,0.06883,0.0693,20750388.0
1786089600000,0.0693,0.06968,0.06928,0.0696,5806206.0
1786104000000,0.0696,0.07029,0.06958,0.06996,18811098.0
1786118400000,0.06996,0.07014,0.06941,0.06985,9106652.0
1786132800000,0.06985,0.0699,0.06962,0.06966,5057573.0
1786147200000,0.06966,0.07038,0.06957,0.07032,4269784.0
1786161600000,0.07032,0.07038,0.07007,0.07024,7340248.0
1786176000000,0.07024,0.07062,0.07014,0.07042,4859469.0
1786190400000,0.07042,0.07151,0.07038,0.07116,14939886.0
1786204800000,0.07116,0.07141,0.07086,0.07098,15752639.0
1786219200000,0.07098,0.07111,0.07027,0.07043,7827501.0
1786233600000,0.07043,0.07052,0.06987,0.07001,8929900.0
1786248000000,0.07001,0.07024,0.06989,0.07018,4225366.0
1786262400000,0.07018,0.0703,0.06994,0.07017,7479643.0
1786276800000,0.07017,0.07076,0.07011,0.07069,4214591.0
1786291200000,0.07069,0.07081,0.07038,0.07047,7045807.0
1786305600000,0.07047,0.07095,0.06923,0.06935,15222997.0
1786320000000,0.06935,0.07023,0.06909,0.06966,15820848.0
1786334400000,0.06966,0.07014,0.06955,0.07003,4983476.0
1786348800000,0.07003,0.07016,0.06978,0.07003,7165502.0
1786363200000,0.07003,0.07013,0.06941,0.06968,16785736.0
1786377600000,0.06968,0.06996,0.06946,0.06986,7317874.0
1786392000000,0.06986,0.06999,0.06953,0.0697,4148679.0
1786406400000,0.0697,0.07037,0.06962,0.07012,4935472.0
1786420800000,0.07012,0.07028,0.0699,0.07012,7841668.0
1786435200000,0.07012,0.07074,0.07011,0.0706,11856290.0
1786449600000,0.0706,0.07132,0.06994,0.07057,32256225.0
1786464000000,0.07057,0.07128,0.07041,0.07104,21976637.0
1786478400000,0.07104,0.07314,0.07103,0.0719,48776377.0
1786492800000,0.0719,0.07253,0.07184,0.07224,15772244.0
1786507200000,0.07224,0.07231,0.0714,0.0717,14042975.0
1786521600000,0.0717,0.0722,0.0715,0.07203,12797281.0
1786536000000,0.07203,0.07217,0.07029,0.07084,41377944.0
1786550400000,0.07084,0.07097,0.0705,0.0706,5378737.0
1786564800000,0.0706,0.07071,0.06894,0.06969,24193475.0
1786579200000,0.06969,0.07042,0.06964,0.07017,6498554.0
1786593600000,0.07017,0.07083,0.07009,0.07057,16514431.0
1786608000000,0.07057,0.07067,0.06994,0.07008,9477470.0
1786622400000,0.07008,0.07038,0.06972,0.06972,13762362.0
1786636800000,0.06972,0.07034,0.06954,0.07031,18643100.0
1786651200000,0.07031,0.07038,0.07001,0.07019,3966956.0
1786665600000,0.07019,0.07038,0.06993,0.06998,4636358.0
1786680000000,0.06998,0.07015,0.06961,0.06968,7744245.0
1786694400000,0.06968,0.06998,0.06934,0.06948,9033152.0
1786708800000,0.06948,0.06999,0.06923,0.06991,10917324.0
1786723200000,0.06991,0.07012,0.06959,0.06984,7037461.0
1786737600000,0.06984,0.07013,0.06969,0.07008,4686058.0
1786752000000,0.07008,0.07054,0.06999,0.0703,5372572.0
1786766400000,0.0703,0.07047,0.07004,0.07006,4064044.0
1786780800000,0.07006,0.07012,0.0699,0.07004,2481617.0
1786795200000,0.07004,0.07015,0.06993,0.07007,2062455.0
1786809600000,0.07007,0.07009,0.06976,0.06996,2592171.0
1786824000000,0.06996,0.07009,0.06952,0.06962,7339733.0
1786838400000,0.06962,0.06994,0.06951,0.06984,5398083.0
1786852800000,0.06984,0.06992,0.06957,0.06988,3219283.0
1786867200000,0.06988,0.06994,0.06968,0.06985,5040513.0
1786881600000,0.06985,0.07009,0.06976,0.07007,3449443.0
1786896000000,0.07007,0.07018,0.0699,0.06993,4083782.0
1786910400000,0.06993,0.07002,0.06912,0.06957,11451183.0
1786924800000,0.06957,0.07031,0.06947,0.07019,16518440.0
1786939200000,0.07019,0.0705,0.07012,0.07031,6985858.0
1786953600000,0.07031,0.07043,0.07004,0.07019,8069429.0
1786968000000,0.07019,0.07059,0.07001,0.0705,11020652.0
1786982400000,0.0705,0.07054,0.07026,0.07033,5636501.0
1786996800000,0.07033,0.07052,0.07012,0.07043,6452982.0
1787011200000,0.07043,0.07044,0.06965,0.06986,10190367.0
1787025600000,0.06986,0.0701,0.06963,0.06988,9878765.0
1787040000000,0.06988,0.07003,0.06968,0.06996,3550169.0
1787054400000,0.06996,0.07037,0.06976,0.07031,6411285.0
1787068800000,0.07031,0.07054,0.07022,0.07036,5553846.0
1787083200000,0.07036,0.07042,0.06996,0.07026,9151271.0
1787097600000,0.07026,0.07028,0.06987,0.0701,6494826.0
1787112000000,0.0701,0.07023,0.06988,0.06994,9367730.0
1787126400000,0.06994,0.0703,0.0699,0.07022,6197638.0
1787140800000,0.07022,0.07407,0.07021,0.0725,67203977.0
1787155200000,0.0725,0.07322,0.07193,0.0731,31047842.0
1787169600000,0.0731,0.07637,0.07293,0.07505,107519733.0
1787184000000,0.07505,0.07612,0.0747,0.0748,40252281.0
1787198400000,0.0748,0.07542,0.07447,0.0753,28814061.0
1787212800000,0.0753,0.07789,0.07526,0.07718,62253211.0
1787227200000,0.07718,0.08064,0.07662,0.08025,128470736.0
1787241600000,0.08025,0.08353,0.07941,0.07967,137149203.0
1787256000000,0.07967,0.0807,0.07908,0.08047,40984188.0
1787270400000,0.08047,0.08302,0.0803,0.08179,71978158.0
1787284800000,0.08179,0.08454,0.08177,0.08348,77190604.0
1787299200000,0.08348,0.08575,0.08261,0.08301,134617251.0
1787313600000,0.08301,0.0848,0.08268,0.0838,69726962.0
1787328000000,0.0838,0.08531,0.08346,0.08491,64651393.0
1787342400000,0.08491,0.0947,0.08472,0.09157,230906076.0
1787356800000,0.09157,0.09713,0.09016,0.09569,114369908.0
1787371200000,0.09569,0.10079,0.08313,0.09301,275351376.0
1787385600000,0.09301,0.09348,0.08769,0.08986,66016890.0
1787400000000,0.08986,0.09205,0.08951,0.09031,53966961.0
1787414400000,0.09031,0.0939,0.08978,0.09353,85686665.0
1787428800000,0.09353,0.09531,0.09113,0.0919,100633776.0
1787443200000,0.0919,0.09433,0.09058,0.0911,92094611.0
1787457600000,0.0911,0.09175,0.08876,0.09027,68065782.0
1787472000000,0.09027,0.09306,0.09018,0.09275,42437619.0
1787486400000,0.09275,0.0945,0.09091,0.09242,70165989.0
1787500800000,0.09242,0.09336,0.0919,0.09239,43300564.0
1787515200000,0.09239,0.09451,0.09201,0.09339,60424862.0
1787529600000,0.09339,0.09361,0.09045,0.0912,60796738.0
1787544000000,0.0912,0.09311,0.0912,0.09138,48469830.0
1787558400000,0.09138,0.09271,0.09018,0.09223,59124512.0
1787572800000,0.09223,0.09337,0.09035,0.09127,146090584.0
1787587200000,0.09127,0.09228,0.08809,0.08908,93007091.0
1787601600000,0.08908,0.09029,0.08865,0.09013,30390216.0
1787616000000,0.09013,0.09302,0.08974,0.09192,65232430.0
1787630400000,0.09192,0.09306,0.09018,0.09081,40225536.0
1787644800000,0.09081,0.09157,0.08983,0.09016,30719354.0
1787659200000,0.09016,0.09029,0.08703,0.08921,77166026.0
1787673600000,0.08921,0.08941,0.08786,0.08807,24685191.0
1787688000000,0.08807,0.08813,0.08489,0.08569,58510438.0
1787702400000,0.08569,0.08697,0.08545,0.08666,23338926.0
1787716800000,0.08666,0.08705,0.08604,0.08663,17310635.0
1787731200000,0.08663,0.0871,0.08552,0.08633,23607951.0
1787745600000,0.08633,0.08697,0.08385,0.08452,60128749.0
1787760000000,0.08452,0.08543,0.08387,0.08484,29543118.0
1787774400000,0.08484,0.08783,0.08441,0.08771,37922054.0
1787788800000,0.08771,0.08771,0.08626,0.0868,24827923.0
1787803200000,0.0868,0.08719,0.08623,0.08715,14171156.0
1787817600000,0.08715,0.09001,0.08712,0.08832,61957916.0
1787832000000,0.08832,0.08974,0.08718,0.08869,66705222.0
1787846400000,0.08869,0.08998,0.08796,0.08867,41605734.0
1787860800000,0.08867,0.08944,0.08827,0.08913,21153625.0
1787875200000,0.08913,0.09032,0.08733,0.08779,40522863.0
1787889600000,0.08779,0.08833,0.08726,0.08751,23756111.0
1787904000000,0.08751,0.08779,0.08563,0.08701,32496391.0
1787918400000,0.08701,0.08802,0.08559,0.08591,62076063.0
1787932800000,0.08591,0.08605,0.08382,0.08465,53871811.0
1787947200000,0.08465,0.08529,0.08443,0.08524,11121346.0
1787961600000,0.08524,0.08541,0.08481,0.08484,9117416.0
1787976000000,0.08484,0.08531,0.08428,0.08445,8983998.0
1787990400000,0.08445,0.0847,0.08418,0.08448,11407293.0
1788004800000,0.08448,0.08571,0.08446,0.08518,8592098.0
1788019200000,0.08518,0.08554,0.08478,0.08525,10550917.0
1788033600000,0.08525,0.08548,0.085,0.0853,9385613.0
1788048000000,0.0853,0.08551,0.08479,0.08503,10006143.0
1788062400000,0.08503,0.08521,0.08459,0.08463,10487329.0
1788076800000,0.08463,0.08509,0.08438,0.08497,9810741.0
1788091200000,0.08497,0.08583,0.08489,0.08535,19196396.0
1788105600000,0.08535,0.08648,0.08531,0.0858,27903371.0
1788120000000,0.0858,0.08596,0.08083,0.08206,82364732.0
1788134400000,0.08206,0.08273,0.08143,0.08229,26802164.0
1788148800000,0.08229,0.08305,0.08189,0.08274,20676023.0
1788163200000,0.08274,0.08328,0.08242,0.08265,16002368.0
1788177600000,0.08265,0.0833,0.08206,0.08281,34589970.0
1788192000000,0.08281,0.08397,0.08267,0.08324,22503443.0
1788206400000,0.08324,0.08356,0.08267,0.08285,8355233.0
1788220800000,0.08285,0.08345,0.08254,0.0832,12958151.0
1788235200000,0.0832,0.08396,0.08311,0.08336,16469267.0
1788249600000,0.08336,0.08341,0.08213,0.08319,27406489.0
1788264000000,0.08319,0.08322,0.08186,0.08272,41833324.0
1788278400000,0.08272,0.08275,0.08074,0.08195,42795751.0
1788292800000,0.08195,0.08215,0.08102,0.08168,24101634.0
1788307200000,0.08168,0.08176,0.08031,0.08154,29813311.0
1788321600000,0.08154,0.08211,0.08115,0.08167,15856751.0
1788336000000,0.08167,0.08175,0.08016,0.08125,33645709.0
1788350400000,0.08125,0.08206,0.0807,0.08168,58656043.0
1788364800000,0.08168,0.0819,0.08086,0.08131,30098147.0
1788379200000,0.08131,0.08192,0.08089,0.08176,26861293.0
1788393600000,0.08176,0.08328,0.08118,0.08279,35423629.0
1788408000000,0.08279,0.08369,0.08208,0.08291,29791659.0
1788422400000,0.08291,0.08363,0.08255,0.08329,20314960.0
1788436800000,0.08329,0.0894,0.08311,0.08925,124176885.0
1788451200000,0.08925,0.08999,0.08809,0.08931,96497416.0
1788465600000,0.08931,0.08939,0.08713,0.08782,45411540.0
1788480000000,0.08782,0.0881,0.08659,0.08719,32784543.0
1788494400000,0.08719,0.08759,0.08656,0.08703,23706987.0
1788508800000,0.08703,0.08835,0.08679,0.08774,47712365.0
1788523200000,0.08774,0.08803,0.0838,0.08443,118976264.0
1788537600000,0.08443,0.08505,0.08402,0.08476,29158259.0
1788552000000,0.08476,0.08497,0.08444,0.08478,12139004.0
1788566400000,0.08478,0.08496,0.08442,0.08462,18745318.0
1788580800000,0.08462,0.08584,0.08448,0.08578,19843381.0
1788595200000,0.08578,0.08635,0.08549,0.08611,18094465.0
1788609600000,0.08611,0.08816,0.08611,0.08759,50250694.0
1788624000000,0.08759,0.09494,0.08733,0.0908,133328975.0
1788638400000,0.0908,0.09137,0.08932,0.08967,44910174.0
1788652800000,0.08967,0.09172,0.08967,0.09132,29850723.0
1788667200000,0.09132,0.09202,0.0903,0.09088,47906146.0
1788681600000,0.09088,0.09116,0.08846,0.09012,41201063.0
1788696000000,0.09012,0.09013,0.0879,0.08898,42355119.0
1788710400000,0.08898,0.08961,0.08869,0.08958,20508291.0
1788724800000,0.08958,0.09109,0.08947,0.09091,22949104.0
1788739200000,0.09091,0.09135,0.0892,0.08935,44852433.0
1788753600000,0.08935,0.09061,0.08857,0.08942,32548542.0
1788768000000,0.08942,0.09011,0.08922,0.08981,28333573.0
1788782400000,0.08981,0.09186,0.08869,0.08899,64504774.0
1788796800000,0.08899,0.0907,0.08898,0.09057,24869295.0
1788811200000,0.09057,0.091,0.08966,0.09052,22209325.0
1788825600000,0.09052,0.09169,0.08962,0.08997,35849759.0
1788840000000,0.08997,0.09027,0.08896,0.08928,35418160.0
1788854400000,0.08928,0.09096,0.08885,0.08956,33173617.0
1788868800000,0.08956,0.09083,0.08802,0.09064,59998196.0
1788883200000,0.09064,0.09086,0.08925,0.08957,42352222.0
1788897600000,0.08957,0.09041,0.08929,0.09004,16992722.0
1788912000000,0.09004,0.09092,0.08942,0.08962,26440936.0
1788926400000,0.08962,0.09095,0.08959,0.09089,21453756.0
1788940800000,0.09089,0.09146,0.09007,0.09087,27878998.0
1788955200000,0.09087,0.09159,0.08813,0.08894,69618675.0
1788969600000,0.08894,0.08941,0.08655,0.08702,33977142.0
1788984000000,0.08702,0.08712,0.08487,0.08617,38433175.0
1788998400000,0.08617,0.08628,0.08513,0.08599,30787494.0
1789012800000,0.08599,0.08618,0.08494,0.08537,17818508.0
1789027200000,0.08537,0.08553,0.08483,0.08516,24349990.0
1789041600000,0.08516,0.08544,0.08242,0.08372,82085410.0
1789056000000,0.08372,0.08433,0.08273,0.08392,35378467.0
1789070400000,0.08392,0.08435,0.08287,0.08289,19953959.0
1789084800000,0.08289,0.08378,0.08288,0.08376,22770778.0
1789099200000,0.08376,0.08419,0.08369,0.08381,10923293.0
1789113600000,0.08381,0.08423,0.08293,0.0837,13204473.0
1789128000000,0.0837,0.08822,0.0825,0.08499,165368745.0
1789142400000,0.08499,0.08593,0.08366,0.0845,62176630.0
1789156800000,0.0845,0.08475,0.08357,0.08431,27527475.0
1789171200000,0.08431,0.08459,0.08411,0.08444,10764614.0
1789185600000,0.08444,0.08481,0.08424,0.08477,7732520.0
1789200000000,0.08477,0.08517,0.08462,0.08506,10140163.0
1789214400000,0.08506,0.08537,0.08483,0.08511,12618587.0
1789228800000,0.08511,0.08516,0.08461,0.08479,7948805.0
1789243200000,0.08479,0.08498,0.08457,0.08484,6911175.0
1789257600000,0.08484,0.0852,0.08469,0.0847,8875859.0
1789272000000,0.0847,0.08493,0.08415,0.08417,7674942.0
1789286400000,0.08417,0.08429,0.08314,0.08356,12571142.0
1789300800000,0.08356,0.08393,0.08291,0.08351,12828626.0
1789315200000,0.08351,0.08464,0.08349,0.08417,10500268.0
1789329600000,0.08417,0.0845,0.08212,0.0824,30803841.0
1789344000000,0.0824,0.08431,0.08197,0.08391,29571348.0
1789358400000,0.08391,0.08459,0.08384,0.08435,12418288.0
1789372800000,0.08435,0.08484,0.08385,0.08414,21165184.0
1789387200000,0.08414,0.08444,0.08316,0.08405,48262350.0
1789401600000,0.08405,0.08533,0.08391,0.08472,27037698.0
1789416000000,0.08472,0.08614,0.0836,0.08367,23698347.0
1789430400000,0.08367,0.08397,0.08329,0.0833,11793283.0
1789444800000,0.0833,0.08342,0.08245,0.08254,16560894.0
1789459200000,0.08254,0.08291,0.0823,0.08251,13948317.0
1789473600000,0.08251,0.08342,0.08055,0.08168,68826122.0
1789488000000,0.08168,0.08255,0.07853,0.0809,104767764.0
1789502400000,0.0809,0.08102,0.07939,0.08011,39394777.0
1789516800000,0.08011,0.08042,0.07947,0.08003,17499351.0
1789531200000,0.08003,0.08072,0.07963,0.07969,18185884.0
1789545600000,0.07969,0.08039,0.07917,0.08022,15742400.0
1789560000000,0.08022,0.08031,0.07877,0.07904,37591792.0
1789574400000,0.07904,0.0806,0.07833,0.08046,99302694.0
1789588800000,0.08046,0.08103,0.07986,0.08091,24008124.0
1789603200000,0.08091,0.08137,0.08051,0.08117,20672371.0
1789617600000,0.08117,0.08136,0.08068,0.08119,12500083.0
1789632000000,0.08119,0.0817,0.08059,0.08101,13905881.0
1789646400000,0.08101,0.08255,0.08064,0.08197,30663053.0
1789660800000,0.08197,0.0823,0.08134,0.0817,15686676.0
1789675200000,0.0817,0.08199,0.08118,0.08173,12117185.0
1789689600000,0.08173,0.08454,0.08138,0.0845,24554479.0
1789704000000,0.0845,0.08468,0.08377,0.08445,33945885.0
1789718400000,0.08445,0.08695,0.08421,0.08535,63509605.0
1789732800000,0.08535,0.08819,0.08508,0.08751,103023767.0
1789747200000,0.08751,0.08825,0.08719,0.088,60699286.0
1789761600000,0.088,0.08868,0.0874,0.08746,32547127.0
1789776000000,0.08746,0.08888,0.08708,0.08804,32976505.0
1789790400000,0.08804,0.0884,0.0865,0.0867,16962406.0
1789804800000,0.0867,0.08846,0.08652,0.08841,22323520.0
1789819200000,0.08841,0.08988,0.08801,0.08893,48727499.0
1789833600000,0.08893,0.09114,0.08857,0.08922,59426890.0
1789848000000,0.08922,0.0894,0.08671,0.08773,41350802.0
1789862400000,0.08773,0.08792,0.08503,0.0858,57953976.0
1789876800000,0.0858,0.08581,0.08487,0.08488,23784100.0
1789891200000,0.08488,0.08544,0.08444,0.08516,23050138.0
1789905600000,0.08516,0.08586,0.08476,0.08582,30544647.0
1789920000000,0.08582,0.08785,0.08562,0.08737,48593758.0
1789934400000,0.08737,0.08771,0.08618,0.0873,35413184.0
1789948800000,0.0873,0.0898,0.08725,0.08848,92234120.0
1789963200000,0.08848,0.08976,0.08781,0.08975,44457604.0
1789977600000,0.08975,0.09482,0.08967,0.09334,170257384.0
1789992000000,0.09334,0.09809,0.09229,0.09732,239073253.0
1790006400000,0.09732,0.09994,0.09522,0.09853,286351392.0
1790020800000,0.09853,0.10209,0.09803,0.09985,159032199.0
1790035200000,0.09985,0.10224,0.09793,0.10194,227650865.0
1790049600000,0.10194,0.10582,0.09838,0.09882,148299071.0
1790064000000,0.09882,0.09977,0.09718,0.09794,94465923.0
1790078400000,0.09794,0.10116,0.09755,0.10002,182486045.0
1790092800000,0.10002,0.10059,0.09867,0.10001,90115419.0
1790107200000,0.10001,0.10126,0.0994,0.10043,49799037.0
1790121600000,0.10043,0.10439,0.10021,0.10393,90996519.0
1790136000000,0.10393,0.1043,0.10071,0.10087,88608438.0
1790150400000,0.10087,0.10165,0.0989,0.09936,94574136.0
1790164800000,0.09936,0.10002,0.09249,0.09275,234483002.0
1790179200000,0.09275,0.09329,0.09127,0.09235,51353509.0
1790193600000,0.09235,0.09331,0.09164,0.09273,14302837.0
1790208000000,0.09273,0.09429,0.09209,0.09328,15126487.0
1790222400000,0.09328,0.09518,0.09294,0.09462,13122331.0
1790236800000,0.09462,0.09473,0.09155,0.0927,20264864.0
1790251200000,0.0927,0.09615,0.09221,0.09568,186045306.0
1790265600000,0.09568,0.09724,0.09517,0.09617,31924104.0
1790280000000,0.09617,0.09643,0.09498,0.09579,10879130.0
1790294400000,0.09579,0.09698,0.09465,0.09522,59390145.0
1790308800000,0.09522,0.09582,0.09456,0.0955,29932856.0
1790323200000,0.0955,0.09882,0.09526,0.09802,77877839.0
1790337600000,0.09802,0.09909,0.09632,0.09745,374144146.0
1790352000000,0.09745,0.09834,0.09671,0.09814,106162817.0
1790366400000,0.09814,0.09982,0.09728,0.09899,49123417.0
1790380800000,0.09899,0.09968,0.09786,0.09797,43760720.0
1790395200000,0.09797,0.09844,0.09727,0.09795,21435713.0
1790409600000,0.09795,0.0982,0.09683,0.09767,19841561.0
1790424000000,0.09767,0.09873,0.09683,0.09867,24345382.0
1790438400000,0.09867,0.09869,0.09691,0.09699,12578759.0
1790452800000,0.09699,0.09712,0.09531,0.09677,25606072.0
1790467200000,0.09677,0.09679,0.096,0.09615,19360636.0
1790481600000,0.09615,0.09816,0.09544,0.09811,37825874.0
1790496000000,0.09811,0.09846,0.09725,0.09789,45195441.0
1790510400000,0.09789,0.09889,0.09624,0.09693,105779473.0
1790524800000,0.09693,0.09781,0.09658,0.09713,30611785.0
1790539200000,0.09713,0.09756,0.09556,0.0969,55592087.0
1790553600000,0.0969,0.09783,0.0936,0.09405,171385396.0
1790568000000,0.09405,0.09471,0.09243,0.09253,100206044.0
1790582400000,0.09253,0.0934,0.09218,0.09321,80045482.0
1790596800000,0.09321,0.09475,0.0917,0.09336,314019822.0
1790611200000,0.09336,0.09544,0.09294,0.09333,127272671.0
1790625600000,0.09333,0.0943,0.09249,0.09394,36047738.0
1790640000000,0.09394,0.09453,0.0918,0.09311,124352883.0
1790654400000,0.09311,0.09528,0.09263,0.09507,58829389.0
1790668800000,0.09507,0.09603,0.09447,0.09575,51248114.0
1790683200000,0.09575,0.09638,0.09326,0.09369,124685267.0
1790697600000,0.09369,0.09441,0.09281,0.09367,84997640.0
1790712000000,0.09367,0.09448,0.09346,0.09388,21938687.0
1790726400000,0.09388,0.0944,0.0931,0.09338,34827155.0
1790740800000,0.09338,0.09416,0.0929,0.09377,45449618.0
1790755200000,0.09377,0.09661,0.09332,0.09583,68620143.0
1790769600000,0.09583,0.09813,0.09424,0.09539,227015275.0
1790784000000,0.09539,0.09581,0.09359,0.09404,54227203.0
1790798400000,0.09404,0.09484,0.09396,0.09457,20061858.0
1790812800000,0.09457,0.09578,0.09424,0.09576,30158300.0
1790827200000,0.09576,0.09608,0.09411,0.09432,43973154.0
1790841600000,0.09432,0.09509,0.09351,0.09495,56087168.0
1790856000000,0.09495,0.09507,0.09361,0.0943,118608291.0
1790870400000,0.0943,0.09547,0.09362,0.09484,59686013.0
1790884800000,0.09484,0.09503,0.09378,0.09437,16283497.0
1790899200000,0.09437,0.09487,0.09319,0.09481,45701915.0
1790913600000,0.09481,0.09704,0.09469,0.09645,73668143.0
1790928000000,0.09645,0.09794,0.09633,0.09652,53529976.0
1790942400000,0.09652,0.09773,0.09477,0.09513,103194821.0
1790956800000,0.09513,0.09552,0.09039,0.09147,118952797.0
1790971200000,0.09147,0.09307,0.0912,0.09294,35408602.0
1790985600000,0.09294,0.09365,0.09283,0.09331,20496509.0
1791000000000,0.09331,0.09332,0.09258,0.09267,11940297.0
1791014400000,0.09267,0.09296,0.09243,0.09278,14196009.0
1791028800000,0.09278,0.09347,0.09253,0.09313,18400984.0
1791043200000,0.09313,0.09341,0.09289,0.09314,10360303.0
1791057600000,0.09314,0.09332,0.09277,0.09282,9164057.0
1791072000000,0.09282,0.09312,0.09253,0.09265,11056022.0
1791086400000,0.09265,0.09347,0.09264,0.09347,7864019.0
1791100800000,0.09347,0.09379,0.09304,0.09348,12885889.0
1791115200000,0.09348,0.09455,0.09336,0.09419,22164868.0
1791129600000,0.09419,0.09624,0.094,0.09543,19291397.0
1791144000000,0.09543,0.09748,0.09526,0.09591,27466953.0
1791158400000,0.09591,0.09695,0.09557,0.09588,38694081.0
1791172800000,0.09588,0.09677,0.09477,0.09659,36159064.0
1791187200000,0.09659,0.09717,0.09598,0.09631,31471926.0
1791201600000,0.09631,0.09653,0.09397,0.09456,59234856.0
1791216000000,0.09456,0.09546,0.09382,0.09545,16297969.0
1791230400000,0.09545,0.09613,0.09539,0.09542,6054717.0
1791244800000,0.09542,0.09558,0.09428,0.09458,15466179.0
1791259200000,0.09458,0.09509,0.09411,0.09468,12473232.0
1791273600000,0.09468,0.09581,0.09439,0.09577,29970535.0
1791288000000,0.09577,0.09638,0.09524,0.09541,67019262.0
1791302400000,0.09541,0.09569,0.09342,0.09379,49133800.0
1791316800000,0.09379,0.09404,0.09322,0.09368,16312743.0
1791331200000,0.09368,0.0939,0.08909,0.09023,53311028.0
1791345600000,0.09023,0.09108,0.08959,0.09093,17362745.0
1791360000000,0.09093,0.09116,0.08888,0.08888,24306406.0
1791374400000,0.08888,0.0893,0.08795,0.08884,30778330.0
1791388800000,0.08884,0.08928,0.08803,0.08855,14340714.0
1791403200000,0.08855,0.08904,0.08838,0.08902,8131395.0
1791417600000,0.08902,0.08969,0.08857,0.08861,64302192.0
1791432000000,0.08861,0.08877,0.08602,0.08768,172404046.0
1791446400000,0.08768,0.08843,0.08689,0.08717,78637552.0
1791460800000,0.08717,0.08755,0.08235,0.08269,482781906.0
1791475200000,0.08269,0.08393,0.08119,0.08379,616674331.0
1791489600000,0.08379,0.0847,0.08379,0.08403,44079831.0
1791504000000,0.08403,0.08521,0.08392,0.08506,74189217.0
1791518400000,0.08506,0.08557,0.08478,0.08539,28481827.0
1791532800000,0.08539,0.08559,0.08409,0.08503,59965563.0
1791547200000,0.08503,0.08525,0.08405,0.08467,168335095.0
1791561600000,0.08467,0.08505,0.08421,0.08438,66595368.0
1791576000000,0.08438,0.08553,0.08438,0.08539,22473504.0
1791590400000,0.08539,0.08666,0.0853,0.0863,37331260.0
1791604800000,0.0863,0.08668,0.08603,0.08613,25541002.0
1791619200000,0.08613,0.08638,0.08569,0.08589,9466103.0
