id,sym,side,R,train,level_A,double_A,wedge_A,climax_A,tlbreak_A,range_A,level_B,double_B,wedge_B,climax_B,tlbreak_B,range_B,level,double,wedge,climax,tlbreak,range
p6881,BTCUSDT,1,2.5965374574630347,False,0,0,1,1,0,0,1,0,0,1,0,0,0,0,0,1,0,0
p4400,XRPUSDT,-1,0.9825819350209856,True,0,0,0,1,0,0,0,0,0,1,0,0,0,0,0,1,0,0
p3589,XRPUSDT,-1,-0.2977044964547528,False,1,0,0,1,0,1,0,0,0,1,0,0,0,0,0,1,0,0
p6568,ETHUSDT,1,-0.3473915969117692,True,0,0,1,0,0,0,1,0,0,1,0,0,0,0,0,0,0,0
p6815,XRPUSDT,-1,0.4338496374651944,True,0,0,0,1,0,1,1,0,0,1,1,0,0,0,0,1,0,0
p7289,BTCUSDT,-1,-0.12887293153428253,True,0,0,0,1,1,0,0,0,0,1,0,0,0,0,0,1,0,0
p5648,XRPUSDT,-1,-0.9457882034047818,True,0,0,0,1,0,0,0,0,0,1,0,0,0,0,0,1,0,0
p9397,XRPUSDT,-1,-0.5809557432595953,False,0,0,0,0,0,1,1,0,0,0,0,0,0,0,0,0,0,0
p9834,BTCUSDT,-1,0.060034841662385915,False,1,0,0,0,0,1,0,0,0,0,1,1,0,0,0,0,0,1
p5315,XRPUSDT,1,-0.9991824450056987,True,0,0,0,1,1,0,0,0,0,0,0,0,0,0,0,0,0,0
p3608,BTCUSDT,1,-0.6727698516802844,True,0,0,0,1,1,1,1,0,0,1,1,1,0,0,0,1,1,1
p6595,BTCUSDT,-1,-0.8458517809366463,True,0,0,0,1,0,0,0,0,0,1,0,0,0,0,0,1,0,0
p4750,ETHUSDT,-1,-0.8389808248140184,True,0,0,0,1,1,0,0,0,0,0,0,1,0,0,0,0,0,0
p9618,ADAUSDT,-1,-0.722535130298603,False,0,0,0,1,0,0,0,0,0,1,0,0,0,0,0,1,0,0
p1361,SOLUSDT,1,1.217690216833327,True,0,0,1,0,0,0,0,0,1,0,1,0,0,0,1,0,0,0
p8337,ADAUSDT,-1,-0.45223829234069307,False,1,0,0,1,0,0,0,0,0,1,1,0,0,0,0,1,0,0
p4730,BTCUSDT,-1,0.06192768200381519,True,0,0,0,0,1,1,0,0,0,0,1,0,0,0,0,0,1,0
p5402,ADAUSDT,1,0.06795354744365611,True,1,0,0,0,0,0,0,0,1,1,0,0,0,0,0,0,0,0
p8610,ETHUSDT,1,-0.2780599178303023,True,0,0,0,0,0,0,0,0,0,0,1,1,0,0,0,0,0,0
p9015,BTCUSDT,-1,-0.9892204519287101,True,0,0,0,0,0,0,0,0,0,0,0,1,0,0,0,0,0,0
p6169,XRPUSDT,1,-1.0062291328984379,False,1,0,0,1,0,0,0,0,0,1,0,0,0,0,0,1,0,0
p8425,ETHUSDT,-1,-0.5116432581242509,True,1,1,0,0,1,0,1,0,0,0,0,0,1,0,0,0,0,0
p5925,ETHUSDT,-1,6.9452088370084235,True,0,0,1,0,0,0,0,0,0,1,0,0,0,0,0,0,0,0
p7140,BTCUSDT,1,0.6331526700144527,False,0,0,0,0,1,0,0,0,0,1,1,0,0,0,0,0,1,0
p8396,XRPUSDT,1,0.33487444316525283,True,0,0,0,0,1,1,1,0,0,0,1,1,0,0,0,0,1,1
p9002,ETHUSDT,-1,-0.80401248436101,False,1,0,0,0,1,0,0,0,0,1,0,0,0,0,0,0,0,0
p8412,XRPUSDT,1,-0.47661735110267117,True,0,0,0,0,0,0,0,0,0,1,0,0,0,0,0,0,0,0
p8478,ETHUSDT,-1,-0.9948979344317255,True,0,0,0,0,1,1,0,0,0,0,0,1,0,0,0,0,0,1
p4399,ETHUSDT,1,-0.9991978785289289,True,0,0,1,1,0,0,0,0,0,1,1,0,0,0,0,1,0,0
p1114,ETHUSDT,-1,-0.41527713341804223,True,0,0,0,0,0,0,1,0,0,0,0,1,0,0,0,0,0,0
p8450,BTCUSDT,1,5.066697355042125,True,0,0,1,0,0,0,0,0,0,0,0,0,0,0,0,0,0,0
p9481,XRPUSDT,-1,-0.9985501186015042,False,0,0,0,0,0,1,0,0,1,0,0,0,0,0,0,0,0,0
p1474,SOLUSDT,-1,0.061936312705353644,True,0,0,0,1,0,0,1,0,0,0,1,0,0,0,0,0,0,0
p3411,ETHUSDT,1,0.5990772607819501,True,0,0,0,0,0,0,0,0,0,1,0,0,0,0,0,0,0,0
p7513,BTCUSDT,-1,0.9650021238553794,True,0,0,0,0,0,0,0,0,0,0,0,0,0,0,0,0,0,0
p8533,SOLUSDT,1,-0.07735691537319743,True,1,0,1,1,0,0,1,0,1,1,0,0,1,0,1,1,0,0
p1430,SOLUSDT,1,-0.9966108293338083,True,0,0,0,1,0,0,0,0,0,0,0,0,0,0,0,0,0,0
p1307,BTCUSDT,1,0.5318839425984588,False,1,0,0,0,1,0,0,0,0,1,1,0,0,0,0,0,1,0
p5921,XRPUSDT,1,0.5904274844964408,False,0,0,0,1,1,1,1,1,0,0,0,0,0,0,0,0,0,0
p2774,ADAUSDT,1,3.2484238750735908,True,0,0,1,0,0,0,0,0,1,0,0,0,0,0,1,0,0,0
p6563,XRPUSDT,1,1.5469484291535285,True,0,0,0,0,1,1,0,0,0,1,0,1,0,0,0,0,0,1
p4947,SOLUSDT,-1,0.07787647168225804,True,0,0,0,0,1,1,1,1,0,0,0,0,0,0,0,0,0,0
p5726,BTCUSDT,1,-0.994960183183513,False,0,0,0,0,1,1,1,0,0,1,0,1,0,0,0,0,0,1
p5440,ETHUSDT,1,-1.011706199721366,True,1,0,0,1,0,1,0,0,0,0,1,0,0,0,0,0,0,0
p8275,SOLUSDT,1,-0.5640220973965389,True,0,0,0,1,1,0,0,0,0,0,0,0,0,0,0,0,0,0
p9417,XRPUSDT,1,-0.9955776217023896,False,0,0,0,1,0,0,1,1,0,1,1,0,0,0,0,1,0,0
p2392,BTCUSDT,1,-0.7501657531527552,True,1,0,1,0,0,0,1,0,1,0,0,0,1,0,1,0,0,0
p1214,BTCUSDT,-1,-0.2109773065511948,True,0,0,0,1,0,0,0,0,1,0,0,0,0,0,0,0,0,0
p3534,ADAUSDT,-1,-1.0013263446373892,False,0,0,0,1,0,1,0,0,0,1,0,0,0,0,0,1,0,0
p9829,SOLUSDT,-1,0.06454094277856945,True,0,0,0,0,0,1,0,0,0,0,0,1,0,0,0,0,0,1
p7966,ADAUSDT,-1,-0.9938341954407679,False,0,0,0,0,0,0,0,0,0,1,0,0,0,0,0,0,0,0
p9354,BTCUSDT,-1,-0.991213913902505,True,0,0,0,1,0,0,0,0,0,1,0,1,0,0,0,1,0,0
p6545,SOLUSDT,1,0.06729227029146773,True,0,0,0,1,0,0,0,0,1,1,0,0,0,0,0,1,0,0
p2825,ADAUSDT,-1,0.8908383908793637,True,0,0,0,0,1,0,0,0,0,0,0,0,0,0,0,0,0,0
p4231,BTCUSDT,1,1.0002001361796886,True,0,0,1,0,0,0,1,0,0,0,1,0,0,0,0,0,0,0
p9336,SOLUSDT,1,0.04395302288502609,True,1,0,0,1,0,0,1,0,0,1,0,0,1,0,0,1,0,0
p4052,BTCUSDT,-1,-0.9897548375952059,True,0,0,0,1,0,1,1,0,0,1,0,1,0,0,0,1,0,1
p8109,SOLUSDT,1,-0.4207196923479587,False,0,0,0,1,1,1,0,0,1,0,0,0,0,0,0,0,0,0
p4055,ADAUSDT,-1,0.17216060822326237,True,0,0,0,0,1,0,1,0,0,0,0,0,0,0,0,0,0,0
p4609,ETHUSDT,-1,-0.9937195046102169,True,0,0,0,0,1,0,0,0,0,0,0,0,0,0,0,0,0,0
p9004,XRPUSDT,1,1.6637924385675171,True,1,0,0,1,0,1,1,0,0,1,0,1,1,0,0,1,0,1
p2362,SOLUSDT,-1,-0.9982981862593574,False,0,0,0,0,1,0,0,0,0,0,1,0,0,0,0,0,1,0
p1141,ETHUSDT,-1,3.3850717184031267,False,0,0,0,0,0,1,0,0,0,0,0,1,0,0,0,0,0,1
p4912,ADAUSDT,-1,0.7988213667134025,False,0,0,0,0,0,0,0,0,0,0,1,0,0,0,0,0,0,0
p5837,BTCUSDT,-1,-1.0025187880575894,True,0,0,0,0,1,0,0,0,0,0,0,0,0,0,0,0,0,0
p7324,BTCUSDT,1,-0.9952423389392838,False,0,0,0,1,1,0,0,0,0,1,0,1,0,0,0,1,0,0
p2833,SOLUSDT,-1,-0.27214577838684034,False,0,0,0,0,0,0,1,0,0,0,1,0,0,0,0,0,0,0
p7254,XRPUSDT,1,-0.5912125124466495,True,0,0,0,0,0,0,0,0,1,0,1,0,0,0,0,0,0,0
p5452,BTCUSDT,1,-0.10278876808098683,True,0,0,1,1,0,0,1,0,0,0,0,1,0,0,0,0,0,0
p1117,ETHUSDT,1,8.640786707267727,False,1,0,0,1,0,1,0,0,0,1,0,1,0,0,0,1,0,1
p6616,ADAUSDT,-1,4.62675883009901,True,0,0,0,0,0,0,0,0,0,0,0,0,0,0,0,0,0,0
p1506,ADAUSDT,-1,-0.6340444061485441,True,1,1,0,0,0,1,0,0,0,0,1,1,0,0,0,0,0,1
p5354,XRPUSDT,1,-0.9114127064553931,False,1,0,1,0,0,0,1,0,0,0,0,1,1,0,0,0,0,0
p7042,XRPUSDT,1,4.817924700291804,True,1,0,0,1,0,0,0,0,0,1,0,0,0,0,0,1,0,0
p6117,XRPUSDT,1,-0.9930224510361558,False,1,0,0,1,0,0,0,0,0,1,1,0,0,0,0,1,0,0
p4878,XRPUSDT,1,3.9064117628590447,False,1,0,1,0,0,0,0,0,1,0,0,0,0,0,1,0,0,0
p4058,ADAUSDT,1,0.053475047720437645,False,1,0,0,1,1,1,1,0,1,0,0,0,1,0,0,0,0,0
p4819,SOLUSDT,-1,0.08959737666497482,True,0,0,0,0,1,0,0,0,0,0,1,0,0,0,0,0,1,0
p2953,ETHUSDT,-1,-0.27261082557301397,True,0,0,0,1,0,0,1,0,0,1,1,0,0,0,0,1,0,0
p2978,XRPUSDT,-1,-0.9985389679601037,False,0,0,1,1,0,0,0,0,0,1,0,0,0,0,0,1,0,0
p4389,BTCUSDT,1,0.018605481789375693,True,1,0,0,1,1,0,1,0,0,1,0,0,1,0,0,1,0,0
p2163,ADAUSDT,-1,-0.5116654634282496,True,0,0,1,1,0,0,0,0,0,1,0,0,0,0,0,1,0,0
p8996,BTCUSDT,1,-0.4694216226743131,True,1,0,0,1,1,1,1,0,0,0,1,0,1,0,0,0,1,0
p5467,XRPUSDT,1,0.04437076200776229,True,1,0,0,0,1,1,1,0,0,0,1,1,1,0,0,0,1,1
p3800,XRPUSDT,1,6.3213758655910794,False,0,0,0,0,1,1,0,0,0,0,1,1,0,0,0,0,1,1
p1985,XRPUSDT,1,0.21926719984538082,True,0,0,0,0,1,0,1,0,0,1,0,0,0,0,0,0,0,0
p6546,ETHUSDT,1,-0.9143479099648207,False,1,1,0,0,0,0,1,0,0,0,1,0,1,0,0,0,0,0
p3738,XRPUSDT,1,3.397538708145165,True,0,0,0,0,0,1,1,0,0,1,0,0,0,0,0,0,0,0
p5962,ADAUSDT,-1,-0.677772178250132,True,1,0,0,0,0,0,1,0,0,0,1,0,1,0,0,0,0,0
p7292,ETHUSDT,1,0.06501456510751025,False,0,0,0,1,1,1,0,0,0,1,0,1,0,0,0,1,0,1
p6968,ETHUSDT,-1,-0.9873434737877488,True,1,0,0,0,0,0,0,0,1,1,0,0,0,0,0,0,0,0
p3069,XRPUSDT,1,-0.9945754783398835,True,0,0,0,0,0,0,1,0,0,1,0,0,0,0,0,0,0,0
p7085,SOLUSDT,1,1.582467041698526,False,1,0,0,0,1,0,0,0,0,0,0,1,0,0,0,0,0,0
p3249,BTCUSDT,-1,-0.6206404371806449,True,0,0,0,0,1,0,0,0,0,1,0,0,0,0,0,0,0,0
p6780,ADAUSDT,1,0.03966695064970104,True,0,0,0,0,0,1,0,0,0,0,0,1,0,0,0,0,0,1
p6364,XRPUSDT,1,-0.707972277291292,False,1,1,0,1,0,0,0,0,0,1,0,0,0,0,0,1,0,0
p4282,BTCUSDT,1,-0.24547872053001077,True,0,0,0,0,0,0,1,0,0,1,1,0,0,0,0,0,0,0
p2331,ETHUSDT,1,-0.7422146327160573,False,0,0,0,1,0,1,0,0,1,0,0,0,0,0,0,0,0,0
p8488,SOLUSDT,-1,-0.8361778386150818,False,0,0,1,1,0,0,0,0,0,1,1,0,0,0,0,1,0,0
p1631,XRPUSDT,1,0.06605635825178556,True,0,0,0,1,0,1,0,0,0,1,0,0,0,0,0,1,0,0
p3071,ADAUSDT,-1,-0.9868457810261811,True,0,0,0,1,0,1,1,1,0,0,0,0,0,0,0,0,0,0
p7299,ADAUSDT,1,0.06305806898858812,True,0,0,1,0,0,0,0,0,1,0,0,0,0,0,1,0,0,0
p3835,SOLUSDT,1,-0.3593605637278723,True,0,0,0,1,0,0,1,0,0,1,1,0,0,0,0,1,0,0
p7405,ADAUSDT,1,3.7673278183087353,True,1,0,1,0,0,0,0,0,0,1,0,0,0,0,0,0,0,0
p1874,XRPUSDT,1,0.3982990049702474,True,0,0,0,1,1,0,0,0,0,1,1,0,0,0,0,1,1,0
p6472,ETHUSDT,1,-0.8379657338356964,False,1,0,0,0,0,0,0,0,0,0,0,0,0,0,0,0,0,0
p2467,ADAUSDT,1,0.05222232833213676,True,0,0,1,0,0,0,1,0,0,1,0,0,0,0,0,0,0,0
p7344,ADAUSDT,1,3.681156888011693,False,0,0,0,0,1,1,0,0,0,0,0,1,0,0,0,0,0,1
p5356,BTCUSDT,1,-0.9625532686571,True,1,0,1,0,0,0,0,0,0,1,0,1,0,0,0,0,0,0
p6966,ADAUSDT,1,1.030723382702389,False,0,0,0,0,1,1,0,0,0,0,1,0,0,0,0,0,1,0
p2922,BTCUSDT,-1,-0.9959150177094634,True,1,0,0,1,0,0,0,0,0,1,0,0,0,0,0,1,0,0
p8941,BTCUSDT,-1,-0.10626389265565789,True,0,0,0,0,0,0,0,0,0,1,0,0,0,0,0,0,0,0
p2237,BTCUSDT,-1,1.1989069916369348,True,0,0,0,0,0,0,0,0,0,0,1,0,0,0,0,0,0,0
p6827,SOLUSDT,-1,0.0882399478974442,True,0,0,0,0,0,1,0,0,0,1,0,0,0,0,0,0,0,0
p2905,XRPUSDT,-1,-0.772192418343846,False,1,0,0,1,0,0,0,0,0,0,1,0,0,0,0,0,0,0
p6098,SOLUSDT,-1,-0.6420620881109276,True,0,0,0,0,1,0,0,0,0,0,1,1,0,0,0,0,1,0
p3133,ETHUSDT,-1,0.021720134299699264,True,0,0,0,0,0,1,1,0,0,1,0,0,0,0,0,0,0,0
p6178,XRPUSDT,1,0.05601540577389209,True,0,0,0,1,0,1,0,0,0,1,0,1,0,0,0,1,0,1
p2656,ADAUSDT,1,4.697272109445023,True,0,0,1,1,0,0,0,0,0,0,0,0,0,0,0,0,0,0
p4141,BTCUSDT,-1,0.29887658981966925,True,0,0,0,1,1,0,0,0,0,1,0,0,0,0,0,1,0,0
p7271,ETHUSDT,-1,-0.9994936126540911,True,0,0,0,1,0,0,0,0,0,1,0,0,0,0,0,1,0,0
p1958,SOLUSDT,1,0.07515155577912545,True,1,0,0,1,0,0,0,0,0,1,0,0,0,0,0,1,0,0
p2483,ADAUSDT,-1,-0.7489587444502911,False,0,0,0,0,1,0,0,0,0,0,1,0,0,0,0,0,1,0
p9283,SOLUSDT,1,-0.3223988069722961,False,1,0,0,0,1,1,1,0,0,0,1,0,1,0,0,0,1,0
p4545,ETHUSDT,1,0.15911622724524302,False,0,0,0,0,0,0,1,0,0,0,0,0,0,0,0,0,0,0
p4246,ADAUSDT,-1,-0.9664585035829771,True,0,0,0,0,0,0,0,0,0,1,1,0,0,0,0,0,0,0
p6863,ETHUSDT,1,-1.0006606373305997,False,0,0,0,1,0,0,0,0,1,1,0,0,0,0,0,1,0,0
p2191,ADAUSDT,1,2.0620020605176967,False,1,0,0,1,0,0,0,0,1,0,0,0,0,0,0,0,0,0
p8873,SOLUSDT,1,0.06546339128557427,False,0,1,1,0,0,0,1,0,1,0,0,0,0,0,1,0,0,0
p5013,ADAUSDT,-1,1.2649361462685573,False,0,0,0,0,0,1,0,0,0,0,0,1,0,0,0,0,0,1
p7955,ADAUSDT,1,-0.9951848978568317,True,0,0,0,0,0,0,0,0,0,0,1,0,0,0,0,0,0,0
p2293,BTCUSDT,-1,0.053019103118295746,False,0,0,0,0,0,0,0,0,0,1,0,0,0,0,0,0,0,0
p5074,BTCUSDT,1,0.32172887762720703,True,0,0,0,0,1,0,1,0,0,0,1,0,0,0,0,0,1,0
p5784,SOLUSDT,1,-1.000333692916346,True,1,0,0,1,0,0,0,0,0,0,0,1,0,0,0,0,0,0
p2678,ETHUSDT,1,-0.9934368738955096,False,0,0,0,0,0,1,0,0,0,0,1,0,0,0,0,0,0,0
p4311,BTCUSDT,1,-0.4494769548855321,True,1,0,0,0,1,0,1,0,1,0,0,0,1,0,0,0,0,0
p4343,ADAUSDT,-1,-0.9196950394183653,True,0,0,0,0,0,0,0,0,0,0,0,0,0,0,0,0,0,0
p5511,SOLUSDT,1,0.05472993654663851,False,0,0,0,1,1,0,0,0,0,0,0,1,0,0,0,0,0,0
p2472,SOLUSDT,1,0.0700848061379511,False,1,0,1,1,0,0,0,0,0,0,0,1,0,0,0,0,0,0
p1834,SOLUSDT,1,-0.5718440465412091,True,0,0,0,0,0,0,0,0,0,0,0,0,0,0,0,0,0,0
p6199,ETHUSDT,-1,2.0255610830781214,True,1,0,0,0,0,0,0,0,1,0,0,0,0,0,0,0,0,0
p2047,ETHUSDT,1,2.1268920371130315,True,1,0,0,1,0,0,1,0,1,1,0,0,1,0,0,1,0,0
p1885,ADAUSDT,-1,-0.9933448089331648,False,0,0,0,1,1,0,0,0,0,0,0,0,0,0,0,0,0,0
p3987,ETHUSDT,1,0.05305763244201243,True,0,0,1,1,0,0,0,0,0,1,0,0,0,0,0,1,0,0
p8960,ADAUSDT,1,0.06152883467531116,True,0,0,0,0,0,1,0,0,0,1,1,0,0,0,0,0,0,0
p6642,ETHUSDT,-1,-0.5346920640854955,False,1,0,0,1,0,0,0,1,0,0,0,1,0,0,0,0,0,0
p6291,ADAUSDT,1,0.5151043413364219,True,0,0,0,0,1,0,1,0,0,0,0,0,0,0,0,0,0,0
p7974,XRPUSDT,1,0.03924351079190098,True,1,0,0,1,1,0,1,0,0,1,0,0,1,0,0,1,0,0
p6522,ETHUSDT,-1,0.4590262308531349,True,0,0,0,0,0,0,1,0,0,0,0,0,0,0,0,0,0,0
p3925,SOLUSDT,1,0.0546813935741883,False,0,0,1,1,0,0,0,0,1,1,0,0,0,0,1,1,0,0
p5785,ADAUSDT,1,0.203577066153497,True,1,0,0,0,1,0,0,1,0,0,1,0,0,0,0,0,1,0
p7122,XRPUSDT,1,-0.9963931792136741,True,0,0,0,1,1,1,0,0,0,1,0,1,0,0,0,1,0,1
p5143,XRPUSDT,-1,0.05363896050030157,False,0,0,0,0,0,1,0,0,0,0,0,1,0,0,0,0,0,1
p1797,XRPUSDT,-1,-0.7325247937398328,True,0,1,0,1,0,0,0,0,0,1,0,0,0,0,0,1,0,0
p7743,BTCUSDT,1,-0.9970862390901482,False,0,0,0,1,0,0,0,0,0,0,0,1,0,0,0,0,0,0
p2710,ETHUSDT,1,-0.9794668085237321,True,0,0,1,1,0,0,0,0,0,0,0,0,0,0,0,0,0,0
p3477,ETHUSDT,1,-0.8560797712193338,True,0,0,0,1,1,0,1,0,1,1,0,0,0,0,0,1,0,0
p9934,ADAUSDT,1,-0.6783796451458924,False,0,0,0,1,1,1,0,0,0,1,0,0,0,0,0,1,0,0
p1147,SOLUSDT,1,2.7221299032494444,False,0,0,0,1,1,0,0,0,0,1,0,0,0,0,0,1,0,0
p7825,XRPUSDT,-1,-0.6501895408954248,False,0,0,1,0,0,0,0,0,0,1,1,0,0,0,0,0,0,0
p5686,SOLUSDT,-1,-0.8501037828353207,True,0,0,0,0,1,0,0,0,0,0,1,0,0,0,0,0,1,0
p1751,BTCUSDT,-1,-0.49840516082816694,True,0,0,0,1,0,0,0,0,0,1,1,0,0,0,0,1,0,0
p6150,ETHUSDT,-1,-1.002872157481952,True,0,0,1,1,0,0,0,0,1,1,0,0,0,0,1,1,0,0
p7252,SOLUSDT,-1,-0.20752219934343538,False,0,0,0,0,0,0,1,1,0,0,0,0,0,0,0,0,0,0
p1249,XRPUSDT,-1,0.2854261769624842,False,0,0,0,0,0,0,0,0,0,0,0,0,0,0,0,0,0,0
p8502,SOLUSDT,1,-0.46585426672895,True,0,0,1,0,0,0,0,0,0,1,0,0,0,0,0,0,0,0
p4084,BTCUSDT,-1,-0.40232443315156635,True,0,0,0,0,1,1,0,0,0,0,1,1,0,0,0,0,1,1
p2840,ADAUSDT,-1,0.08553014544522712,True,0,0,0,0,1,0,0,0,0,1,0,0,0,0,0,0,0,0
p4328,ETHUSDT,-1,0.05899034899896003,False,0,0,0,0,0,1,0,0,0,0,1,1,0,0,0,0,0,1
p8719,ADAUSDT,-1,-0.9406924533100909,False,0,0,0,0,1,0,0,1,0,0,1,0,0,0,0,0,1,0
p8965,SOLUSDT,-1,0.22004637196311128,True,0,0,0,0,0,0,0,0,0,0,1,0,0,0,0,0,0,0
p3916,XRPUSDT,1,-1.003387172088962,True,0,0,0,1,0,0,0,0,1,1,0,0,0,0,0,1,0,0
p2594,SOLUSDT,1,-0.7246507355136254,True,1,0,1,0,0,0,1,0,0,1,0,0,1,0,0,0,0,0
p4918,BTCUSDT,1,-0.9913749979839286,False,0,0,1,0,0,0,0,0,1,0,0,0,0,0,1,0,0,0
p8783,BTCUSDT,1,-1.0007684337226441,True,0,0,0,1,0,0,1,0,0,0,0,0,0,0,0,0,0,0
p8490,XRPUSDT,-1,-0.025869512755080187,False,0,0,0,0,0,1,0,0,0,0,1,1,0,0,0,0,0,1
p6957,SOLUSDT,1,0.042865055309352564,True,0,0,1,1,0,0,1,0,0,0,0,0,0,0,0,0,0,0
p8403,SOLUSDT,1,0.6130841960115657,True,1,0,0,1,1,0,0,0,1,1,0,0,0,0,0,1,0,0
p5694,SOLUSDT,1,-1.0000792543542518,False,0,0,0,1,1,0,0,0,0,0,1,0,0,0,0,0,1,0
p7430,BTCUSDT,-1,0.04392483691076473,False,0,0,0,0,1,0,0,0,0,0,1,0,0,0,0,0,1,0
p7276,BTCUSDT,-1,-0.9895076406553842,True,1,0,0,1,0,0,0,1,0,0,0,1,0,0,0,0,0,0
p2313,SOLUSDT,1,-0.9916618617028006,False,1,0,0,1,1,0,0,0,0,0,1,0,0,0,0,0,1,0
p9013,SOLUSDT,1,-0.6918194124371824,True,0,0,1,1,0,0,0,0,0,0,1,0,0,0,0,0,0,0
p9532,ADAUSDT,1,-0.997356844168561,True,0,0,0,1,0,0,0,0,0,0,0,1,0,0,0,0,0,0
p6754,SOLUSDT,-1,1.2509297165480342,True,1,0,0,1,0,0,0,0,0,0,0,0,0,0,0,0,0,0
p5239,SOLUSDT,-1,0.06706431188892717,False,0,0,0,1,0,1,0,0,0,0,0,0,0,0,0,0,0,0
p4547,BTCUSDT,-1,1.2087831891838945,False,0,0,0,0,0,1,0,0,0,0,1,0,0,0,0,0,0,0
p2627,ADAUSDT,-1,-0.4294647934634023,True,0,0,0,1,0,1,0,0,0,1,0,1,0,0,0,1,0,1
p4641,XRPUSDT,1,-0.6527681423143618,True,0,0,1,0,0,0,0,0,0,1,0,0,0,0,0,0,0,0
p7873,SOLUSDT,-1,0.7108416805414983,True,0,0,0,1,0,0,0,0,0,1,0,0,0,0,0,1,0,0
p7495,ADAUSDT,1,-0.3933439174684077,True,1,0,0,0,1,0,1,0,1,0,0,0,1,0,0,0,0,0
p7605,BTCUSDT,1,1.846698821802413,True,0,0,0,1,0,1,1,0,0,1,0,0,0,0,0,1,0,0
p3546,SOLUSDT,-1,0.07177911481823716,True,0,0,0,0,0,0,1,0,0,0,0,0,0,0,0,0,0,0
p5007,BTCUSDT,-1,-0.9706896153306916,True,0,0,0,1,0,1,0,0,0,1,0,1,0,0,0,1,0,1
p8914,XRPUSDT,1,-0.9957703038752738,True,0,0,1,1,0,0,0,0,0,1,0,0,0,0,0,1,0,0
p6446,ADAUSDT,1,0.05020711520320945,True,0,0,0,1,0,0,1,0,0,1,0,0,0,0,0,1,0,0
p7418,BTCUSDT,-1,5.915323482449774,True,0,0,0,0,0,1,1,1,0,0,0,0,0,0,0,0,0,0
p6591,SOLUSDT,1,-0.23094609995462506,True,0,0,1,1,0,0,0,0,0,1,0,0,0,0,0,1,0,0
p7767,BTCUSDT,-1,-0.47352182022737643,False,1,0,0,1,0,1,0,0,1,0,0,0,0,0,0,0,0,0
p7648,SOLUSDT,1,-0.2391254044257592,False,0,0,1,1,0,0,0,0,0,1,0,0,0,0,0,1,0,0
p7645,ETHUSDT,-1,-0.6361420528855705,True,0,0,0,1,1,0,0,0,0,1,1,0,0,0,0,1,1,0
p5838,BTCUSDT,1,0.04162509488514891,True,0,0,0,1,0,0,1,0,0,0,0,0,0,0,0,0,0,0
p2684,BTCUSDT,1,-0.1262441767026981,False,1,0,0,1,0,1,1,0,1,0,0,0,1,0,0,0,0,0
p5397,ADAUSDT,-1,-0.8544609545150883,False,0,0,0,0,1,0,0,0,0,0,1,0,0,0,0,0,1,0
p1558,ADAUSDT,-1,4.429489066276285,True,0,0,0,1,0,0,0,0,1,0,0,1,0,0,0,0,0,0
p2169,XRPUSDT,-1,1.646598479393977,True,0,0,0,1,0,0,0,0,0,1,0,0,0,0,0,1,0,0
p2219,SOLUSDT,-1,0.31662205027980894,True,0,0,0,0,1,0,0,0,0,0,1,1,0,0,0,0,1,0
p7948,ETHUSDT,-1,8.174833663536603,False,0,0,0,0,0,0,0,0,0,0,1,1,0,0,0,0,0,0
p8300,ETHUSDT,1,0.5950195443369356,False,0,0,0,1,1,0,0,0,1,0,0,0,0,0,0,0,0,0
p5308,ETHUSDT,1,0.8571927155330802,True,0,0,0,0,1,1,0,0,0,0,1,1,0,0,0,0,1,1
p8085,SOLUSDT,1,3.4379246019865524,True,0,0,1,1,0,0,0,0,1,1,0,0,0,0,1,1,0,0
p8651,XRPUSDT,1,-0.5963419545767039,True,0,0,0,1,1,0,0,0,0,1,1,0,0,0,0,1,1,0
p1624,ADAUSDT,-1,-1.012477621096584,True,0,0,0,1,0,0,1,0,0,0,0,0,0,0,0,0,0,0
p1789,ETHUSDT,-1,-0.8705362238338636,True,0,0,1,1,0,0,0,0,0,0,1,0,0,0,0,0,0,0
p6360,ADAUSDT,1,2.450533105279441,True,1,0,0,0,0,0,1,1,0,0,0,0,1,0,0,0,0,0
p4025,BTCUSDT,1,0.018260666828690177,True,1,0,1,1,0,0,0,0,0,1,0,0,0,0,0,1,0,0
p7463,XRPUSDT,1,-0.9994602059035455,False,0,0,0,1,1,0,0,0,0,1,1,0,0,0,0,1,1,0
p1277,BTCUSDT,1,-0.993982049329424,True,0,0,0,1,1,0,1,0,0,1,1,0,0,0,0,1,1,0
p7836,BTCUSDT,-1,-0.32084509585156906,True,0,0,0,0,0,0,0,0,0,0,1,0,0,0,0,0,0,0
p1264,ETHUSDT,-1,-0.9921556302157016,True,0,0,1,0,0,0,0,0,1,0,0,0,0,0,1,0,0,0
p2048,BTCUSDT,1,0.043080608512662606,False,1,0,0,0,0,0,0,0,0,1,0,0,0,0,0,0,0,0
p8408,ETHUSDT,-1,0.07090110453722392,True,0,0,0,1,1,0,0,0,0,1,1,0,0,0,0,1,1,0
p1988,SOLUSDT,1,-0.5402414269364982,True,1,0,0,0,1,0,0,0,0,0,0,0,0,0,0,0,0,0
p8673,ETHUSDT,1,-0.6406006396241872,False,1,0,0,0,0,1,0,0,0,0,0,1,0,0,0,0,0,1
p8536,ADAUSDT,-1,1.0339573395465809,True,0,0,1,1,0,0,0,0,0,1,0,0,0,0,0,1,0,0
p7707,BTCUSDT,1,-0.9942074382157434,False,0,0,0,0,0,0,0,0,0,1,0,0,0,0,0,0,0,0
p6869,SOLUSDT,-1,-0.8785413809636005,True,0,0,1,0,1,0,0,0,1,0,0,0,0,0,1,0,0,0
p3024,XRPUSDT,-1,-0.49886890331354317,True,0,0,0,0,0,1,0,0,0,0,0,0,0,0,0,0,0,0
p5509,ADAUSDT,-1,0.6692830262696359,True,0,0,0,1,0,0,0,0,0,1,1,0,0,0,0,1,0,0
p1299,BTCUSDT,1,0.015705505582756126,True,0,0,0,1,0,1,0,0,0,1,0,1,0,0,0,1,0,1
p2740,ETHUSDT,1,-0.6714716824281313,False,0,0,1,1,0,0,0,0,1,1,0,0,0,0,1,1,0,0
p9411,ETHUSDT,1,-0.7506294463732534,False,0,0,0,0,0,1,0,0,0,0,0,1,0,0,0,0,0,1
p2417,ETHUSDT,-1,0.7816499707164914,False,0,0,0,1,0,1,1,0,0,0,0,1,0,0,0,0,0,1
p9889,ADAUSDT,-1,0.05984728922561775,True,0,0,0,1,0,0,0,0,0,0,0,0,0,0,0,0,0,0
p3855,SOLUSDT,1,0.061064448597078776,False,0,0,0,1,1,0,1,1,0,1,0,0,0,0,0,1,0,0
p4847,ADAUSDT,1,-0.0027230558572564844,True,0,0,0,1,0,0,0,0,0,1,0,0,0,0,0,1,0,0
p7443,SOLUSDT,1,-0.9807810238559425,False,0,0,1,0,0,0,0,0,0,1,1,0,0,0,0,0,0,0
p6434,ADAUSDT,1,1.8768783825448263,False,0,0,0,0,1,0,1,1,0,0,0,0,0,0,0,0,0,0
p6293,SOLUSDT,1,-0.9003663334583496,False,1,0,1,1,0,0,0,0,0,1,0,1,0,0,0,1,0,0
p6789,ETHUSDT,1,0.26934225477886736,False,0,0,0,1,0,0,0,0,0,1,1,0,0,0,0,1,0,0
p9854,XRPUSDT,-1,0.08257311884227032,True,0,0,0,0,0,0,0,0,1,0,0,0,0,0,0,0,0,0
p8598,XRPUSDT,1,0.04870131986485746,False,0,0,0,0,0,0,0,0,0,1,0,0,0,0,0,0,0,0
p5519,SOLUSDT,-1,-0.13888864210447813,True,0,0,0,0,0,0,0,0,0,1,1,0,0,0,0,0,0,0
p3164,ETHUSDT,1,-1.0100032967189883,True,0,0,1,1,0,0,0,0,1,1,0,0,0,0,1,1,0,0
p5327,ETHUSDT,-1,-0.33797895263096,False,0,0,0,1,0,0,0,0,0,1,0,0,0,0,0,1,0,0
p1273,BTCUSDT,-1,-0.3971438674667069,True,0,0,0,1,0,0,0,0,0,1,1,0,0,0,0,1,0,0
p2427,BTCUSDT,-1,-0.9960097928432337,False,0,1,0,0,0,0,0,1,0,0,0,0,0,1,0,0,0,0
p2154,ETHUSDT,1,0.06502532862876313,False,1,0,0,1,0,1,0,0,0,1,1,1,0,0,0,1,0,1
p7074,SOLUSDT,-1,-0.9977293507660858,False,0,0,0,1,0,0,0,0,0,1,0,0,0,0,0,1,0,0
p5769,SOLUSDT,-1,1.7577458803349788,True,0,0,0,1,0,0,0,0,0,1,0,0,0,0,0,1,0,0
p1618,ETHUSDT,1,0.043737928652973164,True,0,0,1,1,0,0,0,0,1,1,0,0,0,0,1,1,0,0
p4371,XRPUSDT,-1,0.06261757581361255,True,0,0,0,0,0,0,0,0,0,0,1,0,0,0,0,0,0,0
p6148,BTCUSDT,-1,0.8607967571243544,False,0,0,0,0,1,0,0,0,0,0,0,0,0,0,0,0,0,0
p8375,ETHUSDT,1,0.05797212761659572,True,1,0,1,0,0,0,1,0,0,1,0,0,1,0,0,0,0,0
p8624,ETHUSDT,1,-0.6857747802339899,False,0,0,0,0,0,0,0,0,0,1,0,0,0,0,0,0,0,0
p2961,SOLUSDT,-1,-0.9099887827878499,True,0,0,0,1,0,0,1,0,0,0,0,0,0,0,0,0,0,0
p6856,ADAUSDT,1,-0.5858525494524971,True,0,0,0,0,1,0,0,0,0,0,0,1,0,0,0,0,0,0
p4347,SOLUSDT,-1,-0.35476870627098117,False,0,0,0,0,1,0,1,1,1,0,0,0,0,0,0,0,0,0
p2908,XRPUSDT,-1,0.7027930461090992,False,0,0,0,0,0,0,1,0,0,0,0,0,0,0,0,0,0,0
p7509,XRPUSDT,1,0.07263223781983874,True,0,0,0,1,0,1,1,0,1,0,0,0,0,0,0,0,0,0
p7021,ADAUSDT,1,-0.6901896178780876,True,1,0,0,0,1,0,1,0,0,0,1,0,1,0,0,0,1,0
p5964,ADAUSDT,-1,-0.8864099643198734,True,1,0,0,0,0,0,1,0,1,0,0,0,1,0,0,0,0,0
p1770,BTCUSDT,-1,0.06063027331582872,True,0,0,0,0,1,0,0,0,0,0,0,0,0,0,0,0,0,0
p7527,ETHUSDT,1,1.3848107756019432,False,0,0,0,0,0,1,1,0,0,0,0,1,0,0,0,0,0,1
p6449,SOLUSDT,1,0.8099143308643336,True,0,0,1,1,0,0,1,0,0,0,0,0,0,0,0,0,0,0
p1186,SOLUSDT,-1,-0.8946882581800313,True,0,0,0,0,0,0,0,0,0,0,0,0,0,0,0,0,0,0
p5614,ADAUSDT,1,-0.5613620855721951,True,0,0,0,1,1,0,0,0,0,0,1,0,0,0,0,0,1,0
p6877,ETHUSDT,-1,2.2671884600443035,True,0,1,0,0,1,0,1,1,0,0,1,0,0,1,0,0,1,0
p4368,SOLUSDT,-1,-0.05597735894750565,True,0,0,0,1,0,0,0,0,0,0,1,1,0,0,0,0,0,0
p3752,XRPUSDT,-1,-0.998390674420721,True,0,0,0,1,0,0,0,0,0,1,0,0,0,0,0,1,0,0
p9151,ETHUSDT,-1,-1.0050907680217067,True,1,0,0,0,1,0,0,0,0,1,0,1,0,0,0,0,0,0
p5166,ADAUSDT,-1,0.05020395198442428,True,0,0,0,0,0,0,0,0,1,0,0,0,0,0,0,0,0,0
p3936,BTCUSDT,1,11.248632526641146,False,0,0,0,1,0,0,1,0,0,0,1,0,0,0,0,0,0,0
p1095,BTCUSDT,1,0.6665761550096222,True,1,0,1,0,0,1,0,0,1,0,0,0,0,0,1,0,0,0
p4051,SOLUSDT,-1,0.06409308687677641,False,0,0,0,0,0,0,0,0,0,0,0,0,0,0,0,0,0,0
p9789,BTCUSDT,-1,-0.9952077016958015,True,1,0,0,1,0,0,0,0,1,0,1,0,0,0,0,0,0,0
p3030,SOLUSDT,1,-0.8731950204676988,False,1,0,0,0,0,0,1,0,0,0,0,1,1,0,0,0,0,0
p3138,XRPUSDT,1,0.06100704401440539,False,1,0,0,0,0,1,1,0,0,1,0,1,1,0,0,0,0,1
p2167,XRPUSDT,1,0.0354776627751378,True,1,0,0,1,0,0,1,0,0,1,1,0,1,0,0,1,0,0
p5483,ADAUSDT,1,0.05173957262038408,False,1,0,0,0,0,0,0,0,0,0,1,0,0,0,0,0,0,0
p4250,SOLUSDT,-1,-0.9330828778531136,True,0,0,0,1,0,0,1,0,0,1,0,0,0,0,0,1,0,0
p6407,XRPUSDT,1,-0.884720118456747,False,1,0,0,0,1,0,0,0,0,0,0,0,0,0,0,0,0,0
p3178,XRPUSDT,-1,-0.9956799768715623,False,0,0,0,0,1,0,0,0,0,0,1,0,0,0,0,0,1,0
p1507,BTCUSDT,-1,-0.7450225889412857,True,0,0,0,0,0,0,1,0,0,0,0,0,0,0,0,0,0,0
p7756,ADAUSDT,-1,-0.7625358981114704,True,0,1,0,0,1,0,0,0,0,0,1,0,0,0,0,0,1,0
p7378,SOLUSDT,1,0.6228217346995057,False,0,0,0,1,1,0,1,0,0,0,1,0,0,0,0,0,1,0
p7588,ETHUSDT,-1,1.638925575796522,False,0,0,0,1,0,0,0,0,0,0,0,0,0,0,0,0,0,0
p6640,ETHUSDT,-1,-0.8475574843154472,False,1,0,0,1,0,0,0,1,0,0,0,0,0,0,0,0,0,0
p9762,ETHUSDT,-1,-0.38116948641927756,True,0,0,0,0,1,0,0,1,0,0,1,0,0,0,0,0,1,0
p9250,BTCUSDT,-1,0.21427799494581687,True,0,0,0,1,0,0,0,0,0,1,0,0,0,0,0,1,0,0
p7381,BTCUSDT,-1,0.557225807953775,False,0,0,0,0,0,0,1,1,0,0,1,0,0,0,0,0,0,0
p2716,BTCUSDT,-1,-0.9482061878040043,True,0,0,0,0,1,0,0,0,0,1,0,0,0,0,0,0,0,0
p4079,XRPUSDT,1,-0.7405891688864967,False,0,0,0,1,1,0,1,0,0,1,0,0,0,0,0,1,0,0
p7681,BTCUSDT,1,0.012831139614667617,True,1,0,1,1,0,0,0,0,0,1,0,1,0,0,0,1,0,0
p1298,ADAUSDT,-1,0.6462674635094415,True,0,0,0,0,1,0,0,0,0,0,0,0,0,0,0,0,0,0
p7280,SOLUSDT,-1,0.5536835524887515,True,0,0,0,0,1,0,0,0,0,0,0,1,0,0,0,0,0,0
p1080,ETHUSDT,-1,-0.9896944653106766,False,0,0,0,1,0,0,0,0,0,0,0,1,0,0,0,0,0,0
p1714,SOLUSDT,-1,0.08261816814559456,True,0,0,0,0,1,0,0,1,0,0,0,1,0,0,0,0,0,0
p4613,SOLUSDT,-1,0.16298537641604907,False,0,0,1,1,0,0,0,0,0,0,0,0,0,0,0,0,0,0
p5552,ETHUSDT,1,0.06596578569229754,True,0,0,0,1,0,0,0,0,0,0,1,0,0,0,0,0,0,0
p7602,SOLUSDT,-1,-0.6748422962063302,False,0,0,0,0,0,0,0,0,0,0,0,0,0,0,0,0,0,0
p5750,BTCUSDT,-1,-0.9561155540134579,True,0,0,0,0,1,0,0,0,0,0,1,0,0,0,0,0,1,0
p4491,ADAUSDT,-1,0.07143263998007655,True,0,0,0,0,0,1,1,0,0,0,0,0,0,0,0,0,0,0
p6246,ETHUSDT,1,-0.051825234650641046,True,1,0,0,1,0,0,0,0,0,1,0,0,0,0,0,1,0,0
p9650,ADAUSDT,1,-0.4375187465028761,True,0,0,0,1,1,1,0,0,0,0,1,1,0,0,0,0,1,1
p1176,ADAUSDT,1,-0.9674810529550908,True,0,0,0,1,1,0,1,0,0,1,0,0,0,0,0,1,0,0
p4216,XRPUSDT,1,-0.9983428972050539,True,0,0,0,1,1,0,0,0,0,1,0,0,0,0,0,1,0,0
p3877,ETHUSDT,1,-0.6125724077710072,False,0,0,1,0,0,0,0,0,1,1,0,0,0,0,1,0,0,0
p6660,SOLUSDT,1,6.333200829615498,False,0,0,0,1,0,1,0,0,0,1,0,1,0,0,0,1,0,1
p3107,ETHUSDT,1,-0.5975786760171655,False,0,0,1,0,0,0,0,0,0,0,1,0,0,0,0,0,0,0
p6234,ADAUSDT,1,-0.9957916418457812,False,0,0,0,1,0,0,0,0,0,1,0,0,0,0,0,1,0,0
p2489,ETHUSDT,1,0.87058131839427,True,0,0,0,0,0,1,0,0,0,0,0,1,0,0,0,0,0,1
p7393,XRPUSDT,-1,-0.7418113144509406,False,0,0,0,0,0,0,0,0,0,1,0,0,0,0,0,0,0,0
p2705,BTCUSDT,-1,-0.6522168713232509,False,0,0,0,0,0,0,0,0,0,1,0,0,0,0,0,0,0,0
p3434,ETHUSDT,1,-0.4941526121288298,True,0,0,0,1,0,0,0,0,0,1,1,0,0,0,0,1,0,0
p6260,BTCUSDT,1,0.41526012451103006,False,1,0,0,0,0,0,0,1,0,0,0,0,0,0,0,0,0,0
p5256,ETHUSDT,1,0.04570077669543843,False,0,0,0,1,0,0,1,0,0,1,0,0,0,0,0,1,0,0
p1658,XRPUSDT,1,-0.7146751443595949,True,0,0,0,1,0,0,0,0,0,1,0,0,0,0,0,1,0,0
p1986,ADAUSDT,-1,0.2701510872691924,True,1,0,0,1,1,1,0,0,0,1,0,1,0,0,0,1,0,1
